2025-04-30 00:57:29,457 - WARNING -  * Debugger is active!
2025-04-30 00:57:29,462 - INFO -  * Debugger PIN: 140-782-711
2025-04-30 00:57:45,654 - INFO - Scraping started...
2025-04-30 00:57:56,897 - WARNING - Failed to parse a job card: Message: no such element: Unable to locate element: {"method":"css selector","selector":".Job_job-card__position__ic1rc"}
  (Session info: chrome=135.0.7049.115); For documentation on this error, please visit: https://www.selenium.dev/documentation/webdriver/troubleshooting/errors#no-such-element-exception
Stacktrace:
	GetHandleVerifier [0x00007FF61B68EFA5+77893]
	GetHandleVerifier [0x00007FF61B68F000+77984]
	(No symbol) [0x00007FF61B4591BA]
	(No symbol) [0x00007FF61B4AF16D]
	(No symbol) [0x00007FF61B4AF41C]
	(No symbol) [0x00007FF61B4A1B1C]
	(No symbol) [0x00007FF61B4D716F]
	(No symbol) [0x00007FF61B4A19E6]
	(No symbol) [0x00007FF61B4D7340]
	(No symbol) [0x00007FF61B4FF07F]
	(No symbol) [0x00007FF61B4D6F03]
	(No symbol) [0x00007FF61B4A0328]
	(No symbol) [0x00007FF61B4A1093]
	GetHandleVerifier [0x00007FF61B947B6D+2931725]
	GetHandleVerifier [0x00007FF61B942132+2908626]
	GetHandleVerifier [0x00007FF61B9600F3+3031443]
	GetHandleVerifier [0x00007FF61B6A91EA+184970]
	GetHandleVerifier [0x00007FF61B6B086F+215311]
	GetHandleVerifier [0x00007FF61B696EC4+110436]
	GetHandleVerifier [0x00007FF61B697072+110866]
	GetHandleVerifier [0x00007FF61B67D479+5401]
	BaseThreadInitThunk [0x00007FFB33C8E8D7+23]
	RtlUserThreadStart [0x00007FFB34EF197C+44]

2025-04-30 00:57:56,924 - WARNING - Failed to parse a job card: Message: no such element: Unable to locate element: {"method":"css selector","selector":".Job_job-card__position__ic1rc"}
  (Session info: chrome=135.0.7049.115); For documentation on this error, please visit: https://www.selenium.dev/documentation/webdriver/troubleshooting/errors#no-such-element-exception
Stacktrace:
	GetHandleVerifier [0x00007FF61B68EFA5+77893]
	GetHandleVerifier [0x00007FF61B68F000+77984]
	(No symbol) [0x00007FF61B4591BA]
	(No symbol) [0x00007FF61B4AF16D]
	(No symbol) [0x00007FF61B4AF41C]
	(No symbol) [0x00007FF61B4A1B1C]
	(No symbol) [0x00007FF61B4D716F]
	(No symbol) [0x00007FF61B4A19E6]
	(No symbol) [0x00007FF61B4D7340]
	(No symbol) [0x00007FF61B4FF07F]
	(No symbol) [0x00007FF61B4D6F03]
	(No symbol) [0x00007FF61B4A0328]
	(No symbol) [0x00007FF61B4A1093]
	GetHandleVerifier [0x00007FF61B947B6D+2931725]
	GetHandleVerifier [0x00007FF61B942132+2908626]
	GetHandleVerifier [0x00007FF61B9600F3+3031443]
	GetHandleVerifier [0x00007FF61B6A91EA+184970]
	GetHandleVerifier [0x00007FF61B6B086F+215311]
	GetHandleVerifier [0x00007FF61B696EC4+110436]
	GetHandleVerifier [0x00007FF61B697072+110866]
	GetHandleVerifier [0x00007FF61B67D479+5401]
	BaseThreadInitThunk [0x00007FFB33C8E8D7+23]
	RtlUserThreadStart [0x00007FFB34EF197C+44]

2025-04-30 00:57:56,944 - WARNING - Failed to parse a job card: Message: no such element: Unable to locate element: {"method":"css selector","selector":".Job_job-card__position__ic1rc"}
  (Session info: chrome=135.0.7049.115); For documentation on this error, please visit: https://www.selenium.dev/documentation/webdriver/troubleshooting/errors#no-such-element-exception
Stacktrace:
	GetHandleVerifier [0x00007FF61B68EFA5+77893]
	GetHandleVerifier [0x00007FF61B68F000+77984]
	(No symbol) [0x00007FF61B4591BA]
	(No symbol) [0x00007FF61B4AF16D]
	(No symbol) [0x00007FF61B4AF41C]
	(No symbol) [0x00007FF61B4A1B1C]
	(No symbol) [0x00007FF61B4D716F]
	(No symbol) [0x00007FF61B4A19E6]
	(No symbol) [0x00007FF61B4D7340]
	(No symbol) [0x00007FF61B4FF07F]
	(No symbol) [0x00007FF61B4D6F03]
	(No symbol) [0x00007FF61B4A0328]
	(No symbol) [0x00007FF61B4A1093]
	GetHandleVerifier [0x00007FF61B947B6D+2931725]
	GetHandleVerifier [0x00007FF61B942132+2908626]
	GetHandleVerifier [0x00007FF61B9600F3+3031443]
	GetHandleVerifier [0x00007FF61B6A91EA+184970]
	GetHandleVerifier [0x00007FF61B6B086F+215311]
	GetHandleVerifier [0x00007FF61B696EC4+110436]
	GetHandleVerifier [0x00007FF61B697072+110866]
	GetHandleVerifier [0x00007FF61B67D479+5401]
	BaseThreadInitThunk [0x00007FFB33C8E8D7+23]
	RtlUserThreadStart [0x00007FFB34EF197C+44]

2025-04-30 00:57:56,983 - WARNING - Failed to parse a job card: Message: no such element: Unable to locate element: {"method":"css selector","selector":".Job_job-card__position__ic1rc"}
  (Session info: chrome=135.0.7049.115); For documentation on this error, please visit: https://www.selenium.dev/documentation/webdriver/troubleshooting/errors#no-such-element-exception
Stacktrace:
	GetHandleVerifier [0x00007FF61B68EFA5+77893]
	GetHandleVerifier [0x00007FF61B68F000+77984]
	(No symbol) [0x00007FF61B4591BA]
	(No symbol) [0x00007FF61B4AF16D]
	(No symbol) [0x00007FF61B4AF41C]
	(No symbol) [0x00007FF61B4A1B1C]
	(No symbol) [0x00007FF61B4D716F]
	(No symbol) [0x00007FF61B4A19E6]
	(No symbol) [0x00007FF61B4D7340]
	(No symbol) [0x00007FF61B4FF07F]
	(No symbol) [0x00007FF61B4D6F03]
	(No symbol) [0x00007FF61B4A0328]
	(No symbol) [0x00007FF61B4A1093]
	GetHandleVerifier [0x00007FF61B947B6D+2931725]
	GetHandleVerifier [0x00007FF61B942132+2908626]
	GetHandleVerifier [0x00007FF61B9600F3+3031443]
	GetHandleVerifier [0x00007FF61B6A91EA+184970]
	GetHandleVerifier [0x00007FF61B6B086F+215311]
	GetHandleVerifier [0x00007FF61B696EC4+110436]
	GetHandleVerifier [0x00007FF61B697072+110866]
	GetHandleVerifier [0x00007FF61B67D479+5401]
	BaseThreadInitThunk [0x00007FFB33C8E8D7+23]
	RtlUserThreadStart [0x00007FFB34EF197C+44]

2025-04-30 00:57:56,999 - WARNING - Failed to parse a job card: Message: no such element: Unable to locate element: {"method":"css selector","selector":".Job_job-card__position__ic1rc"}
  (Session info: chrome=135.0.7049.115); For documentation on this error, please visit: https://www.selenium.dev/documentation/webdriver/troubleshooting/errors#no-such-element-exception
Stacktrace:
	GetHandleVerifier [0x00007FF61B68EFA5+77893]
	GetHandleVerifier [0x00007FF61B68F000+77984]
	(No symbol) [0x00007FF61B4591BA]
	(No symbol) [0x00007FF61B4AF16D]
	(No symbol) [0x00007FF61B4AF41C]
	(No symbol) [0x00007FF61B4A1B1C]
	(No symbol) [0x00007FF61B4D716F]
	(No symbol) [0x00007FF61B4A19E6]
	(No symbol) [0x00007FF61B4D7340]
	(No symbol) [0x00007FF61B4FF07F]
	(No symbol) [0x00007FF61B4D6F03]
	(No symbol) [0x00007FF61B4A0328]
	(No symbol) [0x00007FF61B4A1093]
	GetHandleVerifier [0x00007FF61B947B6D+2931725]
	GetHandleVerifier [0x00007FF61B942132+2908626]
	GetHandleVerifier [0x00007FF61B9600F3+3031443]
	GetHandleVerifier [0x00007FF61B6A91EA+184970]
	GetHandleVerifier [0x00007FF61B6B086F+215311]
	GetHandleVerifier [0x00007FF61B696EC4+110436]
	GetHandleVerifier [0x00007FF61B697072+110866]
	GetHandleVerifier [0x00007FF61B67D479+5401]
	BaseThreadInitThunk [0x00007FFB33C8E8D7+23]
	RtlUserThreadStart [0x00007FFB34EF197C+44]

2025-04-30 00:57:57,039 - WARNING - Failed to parse a job card: Message: no such element: Unable to locate element: {"method":"css selector","selector":".Job_job-card__position__ic1rc"}
  (Session info: chrome=135.0.7049.115); For documentation on this error, please visit: https://www.selenium.dev/documentation/webdriver/troubleshooting/errors#no-such-element-exception
Stacktrace:
	GetHandleVerifier [0x00007FF61B68EFA5+77893]
	GetHandleVerifier [0x00007FF61B68F000+77984]
	(No symbol) [0x00007FF61B4591BA]
	(No symbol) [0x00007FF61B4AF16D]
	(No symbol) [0x00007FF61B4AF41C]
	(No symbol) [0x00007FF61B4A1B1C]
	(No symbol) [0x00007FF61B4D716F]
	(No symbol) [0x00007FF61B4A19E6]
	(No symbol) [0x00007FF61B4D7340]
	(No symbol) [0x00007FF61B4FF07F]
	(No symbol) [0x00007FF61B4D6F03]
	(No symbol) [0x00007FF61B4A0328]
	(No symbol) [0x00007FF61B4A1093]
	GetHandleVerifier [0x00007FF61B947B6D+2931725]
	GetHandleVerifier [0x00007FF61B942132+2908626]
	GetHandleVerifier [0x00007FF61B9600F3+3031443]
	GetHandleVerifier [0x00007FF61B6A91EA+184970]
	GetHandleVerifier [0x00007FF61B6B086F+215311]
	GetHandleVerifier [0x00007FF61B696EC4+110436]
	GetHandleVerifier [0x00007FF61B697072+110866]
	GetHandleVerifier [0x00007FF61B67D479+5401]
	BaseThreadInitThunk [0x00007FFB33C8E8D7+23]
	RtlUserThreadStart [0x00007FFB34EF197C+44]

2025-04-30 00:57:57,053 - WARNING - Failed to parse a job card: Message: no such element: Unable to locate element: {"method":"css selector","selector":".Job_job-card__position__ic1rc"}
  (Session info: chrome=135.0.7049.115); For documentation on this error, please visit: https://www.selenium.dev/documentation/webdriver/troubleshooting/errors#no-such-element-exception
Stacktrace:
	GetHandleVerifier [0x00007FF61B68EFA5+77893]
	GetHandleVerifier [0x00007FF61B68F000+77984]
	(No symbol) [0x00007FF61B4591BA]
	(No symbol) [0x00007FF61B4AF16D]
	(No symbol) [0x00007FF61B4AF41C]
	(No symbol) [0x00007FF61B4A1B1C]
	(No symbol) [0x00007FF61B4D716F]
	(No symbol) [0x00007FF61B4A19E6]
	(No symbol) [0x00007FF61B4D7340]
	(No symbol) [0x00007FF61B4FF07F]
	(No symbol) [0x00007FF61B4D6F03]
	(No symbol) [0x00007FF61B4A0328]
	(No symbol) [0x00007FF61B4A1093]
	GetHandleVerifier [0x00007FF61B947B6D+2931725]
	GetHandleVerifier [0x00007FF61B942132+2908626]
	GetHandleVerifier [0x00007FF61B9600F3+3031443]
	GetHandleVerifier [0x00007FF61B6A91EA+184970]
	GetHandleVerifier [0x00007FF61B6B086F+215311]
	GetHandleVerifier [0x00007FF61B696EC4+110436]
	GetHandleVerifier [0x00007FF61B697072+110866]
	GetHandleVerifier [0x00007FF61B67D479+5401]
	BaseThreadInitThunk [0x00007FFB33C8E8D7+23]
	RtlUserThreadStart [0x00007FFB34EF197C+44]

2025-04-30 00:57:57,072 - WARNING - Failed to parse a job card: Message: no such element: Unable to locate element: {"method":"css selector","selector":".Job_job-card__position__ic1rc"}
  (Session info: chrome=135.0.7049.115); For documentation on this error, please visit: https://www.selenium.dev/documentation/webdriver/troubleshooting/errors#no-such-element-exception
Stacktrace:
	GetHandleVerifier [0x00007FF61B68EFA5+77893]
	GetHandleVerifier [0x00007FF61B68F000+77984]
	(No symbol) [0x00007FF61B4591BA]
	(No symbol) [0x00007FF61B4AF16D]
	(No symbol) [0x00007FF61B4AF41C]
	(No symbol) [0x00007FF61B4A1B1C]
	(No symbol) [0x00007FF61B4D716F]
	(No symbol) [0x00007FF61B4A19E6]
	(No symbol) [0x00007FF61B4D7340]
	(No symbol) [0x00007FF61B4FF07F]
	(No symbol) [0x00007FF61B4D6F03]
	(No symbol) [0x00007FF61B4A0328]
	(No symbol) [0x00007FF61B4A1093]
	GetHandleVerifier [0x00007FF61B947B6D+2931725]
	GetHandleVerifier [0x00007FF61B942132+2908626]
	GetHandleVerifier [0x00007FF61B9600F3+3031443]
	GetHandleVerifier [0x00007FF61B6A91EA+184970]
	GetHandleVerifier [0x00007FF61B6B086F+215311]
	GetHandleVerifier [0x00007FF61B696EC4+110436]
	GetHandleVerifier [0x00007FF61B697072+110866]
	GetHandleVerifier [0x00007FF61B67D479+5401]
	BaseThreadInitThunk [0x00007FFB33C8E8D7+23]
	RtlUserThreadStart [0x00007FFB34EF197C+44]

2025-04-30 00:57:57,095 - WARNING - Failed to parse a job card: Message: no such element: Unable to locate element: {"method":"css selector","selector":".Job_job-card__position__ic1rc"}
  (Session info: chrome=135.0.7049.115); For documentation on this error, please visit: https://www.selenium.dev/documentation/webdriver/troubleshooting/errors#no-such-element-exception
Stacktrace:
	GetHandleVerifier [0x00007FF61B68EFA5+77893]
	GetHandleVerifier [0x00007FF61B68F000+77984]
	(No symbol) [0x00007FF61B4591BA]
	(No symbol) [0x00007FF61B4AF16D]
	(No symbol) [0x00007FF61B4AF41C]
	(No symbol) [0x00007FF61B4A1B1C]
	(No symbol) [0x00007FF61B4D716F]
	(No symbol) [0x00007FF61B4A19E6]
	(No symbol) [0x00007FF61B4D7340]
	(No symbol) [0x00007FF61B4FF07F]
	(No symbol) [0x00007FF61B4D6F03]
	(No symbol) [0x00007FF61B4A0328]
	(No symbol) [0x00007FF61B4A1093]
	GetHandleVerifier [0x00007FF61B947B6D+2931725]
	GetHandleVerifier [0x00007FF61B942132+2908626]
	GetHandleVerifier [0x00007FF61B9600F3+3031443]
	GetHandleVerifier [0x00007FF61B6A91EA+184970]
	GetHandleVerifier [0x00007FF61B6B086F+215311]
	GetHandleVerifier [0x00007FF61B696EC4+110436]
	GetHandleVerifier [0x00007FF61B697072+110866]
	GetHandleVerifier [0x00007FF61B67D479+5401]
	BaseThreadInitThunk [0x00007FFB33C8E8D7+23]
	RtlUserThreadStart [0x00007FFB34EF197C+44]

2025-04-30 00:57:57,113 - WARNING - Failed to parse a job card: Message: no such element: Unable to locate element: {"method":"css selector","selector":".Job_job-card__position__ic1rc"}
  (Session info: chrome=135.0.7049.115); For documentation on this error, please visit: https://www.selenium.dev/documentation/webdriver/troubleshooting/errors#no-such-element-exception
Stacktrace:
	GetHandleVerifier [0x00007FF61B68EFA5+77893]
	GetHandleVerifier [0x00007FF61B68F000+77984]
	(No symbol) [0x00007FF61B4591BA]
	(No symbol) [0x00007FF61B4AF16D]
	(No symbol) [0x00007FF61B4AF41C]
	(No symbol) [0x00007FF61B4A1B1C]
	(No symbol) [0x00007FF61B4D716F]
	(No symbol) [0x00007FF61B4A19E6]
	(No symbol) [0x00007FF61B4D7340]
	(No symbol) [0x00007FF61B4FF07F]
	(No symbol) [0x00007FF61B4D6F03]
	(No symbol) [0x00007FF61B4A0328]
	(No symbol) [0x00007FF61B4A1093]
	GetHandleVerifier [0x00007FF61B947B6D+2931725]
	GetHandleVerifier [0x00007FF61B942132+2908626]
	GetHandleVerifier [0x00007FF61B9600F3+3031443]
	GetHandleVerifier [0x00007FF61B6A91EA+184970]
	GetHandleVerifier [0x00007FF61B6B086F+215311]
	GetHandleVerifier [0x00007FF61B696EC4+110436]
	GetHandleVerifier [0x00007FF61B697072+110866]
	GetHandleVerifier [0x00007FF61B67D479+5401]
	BaseThreadInitThunk [0x00007FFB33C8E8D7+23]
	RtlUserThreadStart [0x00007FFB34EF197C+44]

2025-04-30 00:57:57,130 - WARNING - Failed to parse a job card: Message: no such element: Unable to locate element: {"method":"css selector","selector":".Job_job-card__position__ic1rc"}
  (Session info: chrome=135.0.7049.115); For documentation on this error, please visit: https://www.selenium.dev/documentation/webdriver/troubleshooting/errors#no-such-element-exception
Stacktrace:
	GetHandleVerifier [0x00007FF61B68EFA5+77893]
	GetHandleVerifier [0x00007FF61B68F000+77984]
	(No symbol) [0x00007FF61B4591BA]
	(No symbol) [0x00007FF61B4AF16D]
	(No symbol) [0x00007FF61B4AF41C]
	(No symbol) [0x00007FF61B4A1B1C]
	(No symbol) [0x00007FF61B4D716F]
	(No symbol) [0x00007FF61B4A19E6]
	(No symbol) [0x00007FF61B4D7340]
	(No symbol) [0x00007FF61B4FF07F]
	(No symbol) [0x00007FF61B4D6F03]
	(No symbol) [0x00007FF61B4A0328]
	(No symbol) [0x00007FF61B4A1093]
	GetHandleVerifier [0x00007FF61B947B6D+2931725]
	GetHandleVerifier [0x00007FF61B942132+2908626]
	GetHandleVerifier [0x00007FF61B9600F3+3031443]
	GetHandleVerifier [0x00007FF61B6A91EA+184970]
	GetHandleVerifier [0x00007FF61B6B086F+215311]
	GetHandleVerifier [0x00007FF61B696EC4+110436]
	GetHandleVerifier [0x00007FF61B697072+110866]
	GetHandleVerifier [0x00007FF61B67D479+5401]
	BaseThreadInitThunk [0x00007FFB33C8E8D7+23]
	RtlUserThreadStart [0x00007FFB34EF197C+44]

2025-04-30 00:57:57,145 - WARNING - Failed to parse a job card: Message: no such element: Unable to locate element: {"method":"css selector","selector":".Job_job-card__position__ic1rc"}
  (Session info: chrome=135.0.7049.115); For documentation on this error, please visit: https://www.selenium.dev/documentation/webdriver/troubleshooting/errors#no-such-element-exception
Stacktrace:
	GetHandleVerifier [0x00007FF61B68EFA5+77893]
	GetHandleVerifier [0x00007FF61B68F000+77984]
	(No symbol) [0x00007FF61B4591BA]
	(No symbol) [0x00007FF61B4AF16D]
	(No symbol) [0x00007FF61B4AF41C]
	(No symbol) [0x00007FF61B4A1B1C]
	(No symbol) [0x00007FF61B4D716F]
	(No symbol) [0x00007FF61B4A19E6]
	(No symbol) [0x00007FF61B4D7340]
	(No symbol) [0x00007FF61B4FF07F]
	(No symbol) [0x00007FF61B4D6F03]
	(No symbol) [0x00007FF61B4A0328]
	(No symbol) [0x00007FF61B4A1093]
	GetHandleVerifier [0x00007FF61B947B6D+2931725]
	GetHandleVerifier [0x00007FF61B942132+2908626]
	GetHandleVerifier [0x00007FF61B9600F3+3031443]
	GetHandleVerifier [0x00007FF61B6A91EA+184970]
	GetHandleVerifier [0x00007FF61B6B086F+215311]
	GetHandleVerifier [0x00007FF61B696EC4+110436]
	GetHandleVerifier [0x00007FF61B697072+110866]
	GetHandleVerifier [0x00007FF61B67D479+5401]
	BaseThreadInitThunk [0x00007FFB33C8E8D7+23]
	RtlUserThreadStart [0x00007FFB34EF197C+44]

2025-04-30 00:57:57,165 - WARNING - Failed to parse a job card: Message: no such element: Unable to locate element: {"method":"css selector","selector":".Job_job-card__position__ic1rc"}
  (Session info: chrome=135.0.7049.115); For documentation on this error, please visit: https://www.selenium.dev/documentation/webdriver/troubleshooting/errors#no-such-element-exception
Stacktrace:
	GetHandleVerifier [0x00007FF61B68EFA5+77893]
	GetHandleVerifier [0x00007FF61B68F000+77984]
	(No symbol) [0x00007FF61B4591BA]
	(No symbol) [0x00007FF61B4AF16D]
	(No symbol) [0x00007FF61B4AF41C]
	(No symbol) [0x00007FF61B4A1B1C]
	(No symbol) [0x00007FF61B4D716F]
	(No symbol) [0x00007FF61B4A19E6]
	(No symbol) [0x00007FF61B4D7340]
	(No symbol) [0x00007FF61B4FF07F]
	(No symbol) [0x00007FF61B4D6F03]
	(No symbol) [0x00007FF61B4A0328]
	(No symbol) [0x00007FF61B4A1093]
	GetHandleVerifier [0x00007FF61B947B6D+2931725]
	GetHandleVerifier [0x00007FF61B942132+2908626]
	GetHandleVerifier [0x00007FF61B9600F3+3031443]
	GetHandleVerifier [0x00007FF61B6A91EA+184970]
	GetHandleVerifier [0x00007FF61B6B086F+215311]
	GetHandleVerifier [0x00007FF61B696EC4+110436]
	GetHandleVerifier [0x00007FF61B697072+110866]
	GetHandleVerifier [0x00007FF61B67D479+5401]
	BaseThreadInitThunk [0x00007FFB33C8E8D7+23]
	RtlUserThreadStart [0x00007FFB34EF197C+44]

2025-04-30 00:57:57,183 - WARNING - Failed to parse a job card: Message: no such element: Unable to locate element: {"method":"css selector","selector":".Job_job-card__position__ic1rc"}
  (Session info: chrome=135.0.7049.115); For documentation on this error, please visit: https://www.selenium.dev/documentation/webdriver/troubleshooting/errors#no-such-element-exception
Stacktrace:
	GetHandleVerifier [0x00007FF61B68EFA5+77893]
	GetHandleVerifier [0x00007FF61B68F000+77984]
	(No symbol) [0x00007FF61B4591BA]
	(No symbol) [0x00007FF61B4AF16D]
	(No symbol) [0x00007FF61B4AF41C]
	(No symbol) [0x00007FF61B4A1B1C]
	(No symbol) [0x00007FF61B4D716F]
	(No symbol) [0x00007FF61B4A19E6]
	(No symbol) [0x00007FF61B4D7340]
	(No symbol) [0x00007FF61B4FF07F]
	(No symbol) [0x00007FF61B4D6F03]
	(No symbol) [0x00007FF61B4A0328]
	(No symbol) [0x00007FF61B4A1093]
	GetHandleVerifier [0x00007FF61B947B6D+2931725]
	GetHandleVerifier [0x00007FF61B942132+2908626]
	GetHandleVerifier [0x00007FF61B9600F3+3031443]
	GetHandleVerifier [0x00007FF61B6A91EA+184970]
	GetHandleVerifier [0x00007FF61B6B086F+215311]
	GetHandleVerifier [0x00007FF61B696EC4+110436]
	GetHandleVerifier [0x00007FF61B697072+110866]
	GetHandleVerifier [0x00007FF61B67D479+5401]
	BaseThreadInitThunk [0x00007FFB33C8E8D7+23]
	RtlUserThreadStart [0x00007FFB34EF197C+44]

2025-04-30 00:57:57,198 - WARNING - Failed to parse a job card: Message: no such element: Unable to locate element: {"method":"css selector","selector":".Job_job-card__position__ic1rc"}
  (Session info: chrome=135.0.7049.115); For documentation on this error, please visit: https://www.selenium.dev/documentation/webdriver/troubleshooting/errors#no-such-element-exception
Stacktrace:
	GetHandleVerifier [0x00007FF61B68EFA5+77893]
	GetHandleVerifier [0x00007FF61B68F000+77984]
	(No symbol) [0x00007FF61B4591BA]
	(No symbol) [0x00007FF61B4AF16D]
	(No symbol) [0x00007FF61B4AF41C]
	(No symbol) [0x00007FF61B4A1B1C]
	(No symbol) [0x00007FF61B4D716F]
	(No symbol) [0x00007FF61B4A19E6]
	(No symbol) [0x00007FF61B4D7340]
	(No symbol) [0x00007FF61B4FF07F]
	(No symbol) [0x00007FF61B4D6F03]
	(No symbol) [0x00007FF61B4A0328]
	(No symbol) [0x00007FF61B4A1093]
	GetHandleVerifier [0x00007FF61B947B6D+2931725]
	GetHandleVerifier [0x00007FF61B942132+2908626]
	GetHandleVerifier [0x00007FF61B9600F3+3031443]
	GetHandleVerifier [0x00007FF61B6A91EA+184970]
	GetHandleVerifier [0x00007FF61B6B086F+215311]
	GetHandleVerifier [0x00007FF61B696EC4+110436]
	GetHandleVerifier [0x00007FF61B697072+110866]
	GetHandleVerifier [0x00007FF61B67D479+5401]
	BaseThreadInitThunk [0x00007FFB33C8E8D7+23]
	RtlUserThreadStart [0x00007FFB34EF197C+44]

2025-04-30 00:57:57,216 - WARNING - Failed to parse a job card: Message: no such element: Unable to locate element: {"method":"css selector","selector":".Job_job-card__position__ic1rc"}
  (Session info: chrome=135.0.7049.115); For documentation on this error, please visit: https://www.selenium.dev/documentation/webdriver/troubleshooting/errors#no-such-element-exception
Stacktrace:
	GetHandleVerifier [0x00007FF61B68EFA5+77893]
	GetHandleVerifier [0x00007FF61B68F000+77984]
	(No symbol) [0x00007FF61B4591BA]
	(No symbol) [0x00007FF61B4AF16D]
	(No symbol) [0x00007FF61B4AF41C]
	(No symbol) [0x00007FF61B4A1B1C]
	(No symbol) [0x00007FF61B4D716F]
	(No symbol) [0x00007FF61B4A19E6]
	(No symbol) [0x00007FF61B4D7340]
	(No symbol) [0x00007FF61B4FF07F]
	(No symbol) [0x00007FF61B4D6F03]
	(No symbol) [0x00007FF61B4A0328]
	(No symbol) [0x00007FF61B4A1093]
	GetHandleVerifier [0x00007FF61B947B6D+2931725]
	GetHandleVerifier [0x00007FF61B942132+2908626]
	GetHandleVerifier [0x00007FF61B9600F3+3031443]
	GetHandleVerifier [0x00007FF61B6A91EA+184970]
	GetHandleVerifier [0x00007FF61B6B086F+215311]
	GetHandleVerifier [0x00007FF61B696EC4+110436]
	GetHandleVerifier [0x00007FF61B697072+110866]
	GetHandleVerifier [0x00007FF61B67D479+5401]
	BaseThreadInitThunk [0x00007FFB33C8E8D7+23]
	RtlUserThreadStart [0x00007FFB34EF197C+44]

2025-04-30 00:57:57,233 - WARNING - Failed to parse a job card: Message: no such element: Unable to locate element: {"method":"css selector","selector":".Job_job-card__position__ic1rc"}
  (Session info: chrome=135.0.7049.115); For documentation on this error, please visit: https://www.selenium.dev/documentation/webdriver/troubleshooting/errors#no-such-element-exception
Stacktrace:
	GetHandleVerifier [0x00007FF61B68EFA5+77893]
	GetHandleVerifier [0x00007FF61B68F000+77984]
	(No symbol) [0x00007FF61B4591BA]
	(No symbol) [0x00007FF61B4AF16D]
	(No symbol) [0x00007FF61B4AF41C]
	(No symbol) [0x00007FF61B4A1B1C]
	(No symbol) [0x00007FF61B4D716F]
	(No symbol) [0x00007FF61B4A19E6]
	(No symbol) [0x00007FF61B4D7340]
	(No symbol) [0x00007FF61B4FF07F]
	(No symbol) [0x00007FF61B4D6F03]
	(No symbol) [0x00007FF61B4A0328]
	(No symbol) [0x00007FF61B4A1093]
	GetHandleVerifier [0x00007FF61B947B6D+2931725]
	GetHandleVerifier [0x00007FF61B942132+2908626]
	GetHandleVerifier [0x00007FF61B9600F3+3031443]
	GetHandleVerifier [0x00007FF61B6A91EA+184970]
	GetHandleVerifier [0x00007FF61B6B086F+215311]
	GetHandleVerifier [0x00007FF61B696EC4+110436]
	GetHandleVerifier [0x00007FF61B697072+110866]
	GetHandleVerifier [0x00007FF61B67D479+5401]
	BaseThreadInitThunk [0x00007FFB33C8E8D7+23]
	RtlUserThreadStart [0x00007FFB34EF197C+44]

2025-04-30 00:57:57,246 - WARNING - Failed to parse a job card: Message: no such element: Unable to locate element: {"method":"css selector","selector":".Job_job-card__position__ic1rc"}
  (Session info: chrome=135.0.7049.115); For documentation on this error, please visit: https://www.selenium.dev/documentation/webdriver/troubleshooting/errors#no-such-element-exception
Stacktrace:
	GetHandleVerifier [0x00007FF61B68EFA5+77893]
	GetHandleVerifier [0x00007FF61B68F000+77984]
	(No symbol) [0x00007FF61B4591BA]
	(No symbol) [0x00007FF61B4AF16D]
	(No symbol) [0x00007FF61B4AF41C]
	(No symbol) [0x00007FF61B4A1B1C]
	(No symbol) [0x00007FF61B4D716F]
	(No symbol) [0x00007FF61B4A19E6]
	(No symbol) [0x00007FF61B4D7340]
	(No symbol) [0x00007FF61B4FF07F]
	(No symbol) [0x00007FF61B4D6F03]
	(No symbol) [0x00007FF61B4A0328]
	(No symbol) [0x00007FF61B4A1093]
	GetHandleVerifier [0x00007FF61B947B6D+2931725]
	GetHandleVerifier [0x00007FF61B942132+2908626]
	GetHandleVerifier [0x00007FF61B9600F3+3031443]
	GetHandleVerifier [0x00007FF61B6A91EA+184970]
	GetHandleVerifier [0x00007FF61B6B086F+215311]
	GetHandleVerifier [0x00007FF61B696EC4+110436]
	GetHandleVerifier [0x00007FF61B697072+110866]
	GetHandleVerifier [0x00007FF61B67D479+5401]
	BaseThreadInitThunk [0x00007FFB33C8E8D7+23]
	RtlUserThreadStart [0x00007FFB34EF197C+44]

2025-04-30 00:57:57,264 - WARNING - Failed to parse a job card: Message: no such element: Unable to locate element: {"method":"css selector","selector":".Job_job-card__position__ic1rc"}
  (Session info: chrome=135.0.7049.115); For documentation on this error, please visit: https://www.selenium.dev/documentation/webdriver/troubleshooting/errors#no-such-element-exception
Stacktrace:
	GetHandleVerifier [0x00007FF61B68EFA5+77893]
	GetHandleVerifier [0x00007FF61B68F000+77984]
	(No symbol) [0x00007FF61B4591BA]
	(No symbol) [0x00007FF61B4AF16D]
	(No symbol) [0x00007FF61B4AF41C]
	(No symbol) [0x00007FF61B4A1B1C]
	(No symbol) [0x00007FF61B4D716F]
	(No symbol) [0x00007FF61B4A19E6]
	(No symbol) [0x00007FF61B4D7340]
	(No symbol) [0x00007FF61B4FF07F]
	(No symbol) [0x00007FF61B4D6F03]
	(No symbol) [0x00007FF61B4A0328]
	(No symbol) [0x00007FF61B4A1093]
	GetHandleVerifier [0x00007FF61B947B6D+2931725]
	GetHandleVerifier [0x00007FF61B942132+2908626]
	GetHandleVerifier [0x00007FF61B9600F3+3031443]
	GetHandleVerifier [0x00007FF61B6A91EA+184970]
	GetHandleVerifier [0x00007FF61B6B086F+215311]
	GetHandleVerifier [0x00007FF61B696EC4+110436]
	GetHandleVerifier [0x00007FF61B697072+110866]
	GetHandleVerifier [0x00007FF61B67D479+5401]
	BaseThreadInitThunk [0x00007FFB33C8E8D7+23]
	RtlUserThreadStart [0x00007FFB34EF197C+44]

2025-04-30 00:57:57,289 - WARNING - Failed to parse a job card: Message: no such element: Unable to locate element: {"method":"css selector","selector":".Job_job-card__position__ic1rc"}
  (Session info: chrome=135.0.7049.115); For documentation on this error, please visit: https://www.selenium.dev/documentation/webdriver/troubleshooting/errors#no-such-element-exception
Stacktrace:
	GetHandleVerifier [0x00007FF61B68EFA5+77893]
	GetHandleVerifier [0x00007FF61B68F000+77984]
	(No symbol) [0x00007FF61B4591BA]
	(No symbol) [0x00007FF61B4AF16D]
	(No symbol) [0x00007FF61B4AF41C]
	(No symbol) [0x00007FF61B4A1B1C]
	(No symbol) [0x00007FF61B4D716F]
	(No symbol) [0x00007FF61B4A19E6]
	(No symbol) [0x00007FF61B4D7340]
	(No symbol) [0x00007FF61B4FF07F]
	(No symbol) [0x00007FF61B4D6F03]
	(No symbol) [0x00007FF61B4A0328]
	(No symbol) [0x00007FF61B4A1093]
	GetHandleVerifier [0x00007FF61B947B6D+2931725]
	GetHandleVerifier [0x00007FF61B942132+2908626]
	GetHandleVerifier [0x00007FF61B9600F3+3031443]
	GetHandleVerifier [0x00007FF61B6A91EA+184970]
	GetHandleVerifier [0x00007FF61B6B086F+215311]
	GetHandleVerifier [0x00007FF61B696EC4+110436]
	GetHandleVerifier [0x00007FF61B697072+110866]
	GetHandleVerifier [0x00007FF61B67D479+5401]
	BaseThreadInitThunk [0x00007FFB33C8E8D7+23]
	RtlUserThreadStart [0x00007FFB34EF197C+44]

2025-04-30 00:57:57,307 - WARNING - Failed to parse a job card: Message: no such element: Unable to locate element: {"method":"css selector","selector":".Job_job-card__position__ic1rc"}
  (Session info: chrome=135.0.7049.115); For documentation on this error, please visit: https://www.selenium.dev/documentation/webdriver/troubleshooting/errors#no-such-element-exception
Stacktrace:
	GetHandleVerifier [0x00007FF61B68EFA5+77893]
	GetHandleVerifier [0x00007FF61B68F000+77984]
	(No symbol) [0x00007FF61B4591BA]
	(No symbol) [0x00007FF61B4AF16D]
	(No symbol) [0x00007FF61B4AF41C]
	(No symbol) [0x00007FF61B4A1B1C]
	(No symbol) [0x00007FF61B4D716F]
	(No symbol) [0x00007FF61B4A19E6]
	(No symbol) [0x00007FF61B4D7340]
	(No symbol) [0x00007FF61B4FF07F]
	(No symbol) [0x00007FF61B4D6F03]
	(No symbol) [0x00007FF61B4A0328]
	(No symbol) [0x00007FF61B4A1093]
	GetHandleVerifier [0x00007FF61B947B6D+2931725]
	GetHandleVerifier [0x00007FF61B942132+2908626]
	GetHandleVerifier [0x00007FF61B9600F3+3031443]
	GetHandleVerifier [0x00007FF61B6A91EA+184970]
	GetHandleVerifier [0x00007FF61B6B086F+215311]
	GetHandleVerifier [0x00007FF61B696EC4+110436]
	GetHandleVerifier [0x00007FF61B697072+110866]
	GetHandleVerifier [0x00007FF61B67D479+5401]
	BaseThreadInitThunk [0x00007FFB33C8E8D7+23]
	RtlUserThreadStart [0x00007FFB34EF197C+44]

2025-04-30 00:57:57,330 - WARNING - Failed to parse a job card: Message: no such element: Unable to locate element: {"method":"css selector","selector":".Job_job-card__position__ic1rc"}
  (Session info: chrome=135.0.7049.115); For documentation on this error, please visit: https://www.selenium.dev/documentation/webdriver/troubleshooting/errors#no-such-element-exception
Stacktrace:
	GetHandleVerifier [0x00007FF61B68EFA5+77893]
	GetHandleVerifier [0x00007FF61B68F000+77984]
	(No symbol) [0x00007FF61B4591BA]
	(No symbol) [0x00007FF61B4AF16D]
	(No symbol) [0x00007FF61B4AF41C]
	(No symbol) [0x00007FF61B4A1B1C]
	(No symbol) [0x00007FF61B4D716F]
	(No symbol) [0x00007FF61B4A19E6]
	(No symbol) [0x00007FF61B4D7340]
	(No symbol) [0x00007FF61B4FF07F]
	(No symbol) [0x00007FF61B4D6F03]
	(No symbol) [0x00007FF61B4A0328]
	(No symbol) [0x00007FF61B4A1093]
	GetHandleVerifier [0x00007FF61B947B6D+2931725]
	GetHandleVerifier [0x00007FF61B942132+2908626]
	GetHandleVerifier [0x00007FF61B9600F3+3031443]
	GetHandleVerifier [0x00007FF61B6A91EA+184970]
	GetHandleVerifier [0x00007FF61B6B086F+215311]
	GetHandleVerifier [0x00007FF61B696EC4+110436]
	GetHandleVerifier [0x00007FF61B697072+110866]
	GetHandleVerifier [0x00007FF61B67D479+5401]
	BaseThreadInitThunk [0x00007FFB33C8E8D7+23]
	RtlUserThreadStart [0x00007FFB34EF197C+44]

2025-04-30 00:57:57,347 - WARNING - Failed to parse a job card: Message: no such element: Unable to locate element: {"method":"css selector","selector":".Job_job-card__position__ic1rc"}
  (Session info: chrome=135.0.7049.115); For documentation on this error, please visit: https://www.selenium.dev/documentation/webdriver/troubleshooting/errors#no-such-element-exception
Stacktrace:
	GetHandleVerifier [0x00007FF61B68EFA5+77893]
	GetHandleVerifier [0x00007FF61B68F000+77984]
	(No symbol) [0x00007FF61B4591BA]
	(No symbol) [0x00007FF61B4AF16D]
	(No symbol) [0x00007FF61B4AF41C]
	(No symbol) [0x00007FF61B4A1B1C]
	(No symbol) [0x00007FF61B4D716F]
	(No symbol) [0x00007FF61B4A19E6]
	(No symbol) [0x00007FF61B4D7340]
	(No symbol) [0x00007FF61B4FF07F]
	(No symbol) [0x00007FF61B4D6F03]
	(No symbol) [0x00007FF61B4A0328]
	(No symbol) [0x00007FF61B4A1093]
	GetHandleVerifier [0x00007FF61B947B6D+2931725]
	GetHandleVerifier [0x00007FF61B942132+2908626]
	GetHandleVerifier [0x00007FF61B9600F3+3031443]
	GetHandleVerifier [0x00007FF61B6A91EA+184970]
	GetHandleVerifier [0x00007FF61B6B086F+215311]
	GetHandleVerifier [0x00007FF61B696EC4+110436]
	GetHandleVerifier [0x00007FF61B697072+110866]
	GetHandleVerifier [0x00007FF61B67D479+5401]
	BaseThreadInitThunk [0x00007FFB33C8E8D7+23]
	RtlUserThreadStart [0x00007FFB34EF197C+44]

2025-04-30 00:57:57,363 - WARNING - Failed to parse a job card: Message: no such element: Unable to locate element: {"method":"css selector","selector":".Job_job-card__position__ic1rc"}
  (Session info: chrome=135.0.7049.115); For documentation on this error, please visit: https://www.selenium.dev/documentation/webdriver/troubleshooting/errors#no-such-element-exception
Stacktrace:
	GetHandleVerifier [0x00007FF61B68EFA5+77893]
	GetHandleVerifier [0x00007FF61B68F000+77984]
	(No symbol) [0x00007FF61B4591BA]
	(No symbol) [0x00007FF61B4AF16D]
	(No symbol) [0x00007FF61B4AF41C]
	(No symbol) [0x00007FF61B4A1B1C]
	(No symbol) [0x00007FF61B4D716F]
	(No symbol) [0x00007FF61B4A19E6]
	(No symbol) [0x00007FF61B4D7340]
	(No symbol) [0x00007FF61B4FF07F]
	(No symbol) [0x00007FF61B4D6F03]
	(No symbol) [0x00007FF61B4A0328]
	(No symbol) [0x00007FF61B4A1093]
	GetHandleVerifier [0x00007FF61B947B6D+2931725]
	GetHandleVerifier [0x00007FF61B942132+2908626]
	GetHandleVerifier [0x00007FF61B9600F3+3031443]
	GetHandleVerifier [0x00007FF61B6A91EA+184970]
	GetHandleVerifier [0x00007FF61B6B086F+215311]
	GetHandleVerifier [0x00007FF61B696EC4+110436]
	GetHandleVerifier [0x00007FF61B697072+110866]
	GetHandleVerifier [0x00007FF61B67D479+5401]
	BaseThreadInitThunk [0x00007FFB33C8E8D7+23]
	RtlUserThreadStart [0x00007FFB34EF197C+44]

2025-04-30 00:57:57,380 - WARNING - Failed to parse a job card: Message: no such element: Unable to locate element: {"method":"css selector","selector":".Job_job-card__position__ic1rc"}
  (Session info: chrome=135.0.7049.115); For documentation on this error, please visit: https://www.selenium.dev/documentation/webdriver/troubleshooting/errors#no-such-element-exception
Stacktrace:
	GetHandleVerifier [0x00007FF61B68EFA5+77893]
	GetHandleVerifier [0x00007FF61B68F000+77984]
	(No symbol) [0x00007FF61B4591BA]
	(No symbol) [0x00007FF61B4AF16D]
	(No symbol) [0x00007FF61B4AF41C]
	(No symbol) [0x00007FF61B4A1B1C]
	(No symbol) [0x00007FF61B4D716F]
	(No symbol) [0x00007FF61B4A19E6]
	(No symbol) [0x00007FF61B4D7340]
	(No symbol) [0x00007FF61B4FF07F]
	(No symbol) [0x00007FF61B4D6F03]
	(No symbol) [0x00007FF61B4A0328]
	(No symbol) [0x00007FF61B4A1093]
	GetHandleVerifier [0x00007FF61B947B6D+2931725]
	GetHandleVerifier [0x00007FF61B942132+2908626]
	GetHandleVerifier [0x00007FF61B9600F3+3031443]
	GetHandleVerifier [0x00007FF61B6A91EA+184970]
	GetHandleVerifier [0x00007FF61B6B086F+215311]
	GetHandleVerifier [0x00007FF61B696EC4+110436]
	GetHandleVerifier [0x00007FF61B697072+110866]
	GetHandleVerifier [0x00007FF61B67D479+5401]
	BaseThreadInitThunk [0x00007FFB33C8E8D7+23]
	RtlUserThreadStart [0x00007FFB34EF197C+44]

2025-04-30 00:57:57,412 - WARNING - Failed to parse a job card: Message: no such element: Unable to locate element: {"method":"css selector","selector":".Job_job-card__position__ic1rc"}
  (Session info: chrome=135.0.7049.115); For documentation on this error, please visit: https://www.selenium.dev/documentation/webdriver/troubleshooting/errors#no-such-element-exception
Stacktrace:
	GetHandleVerifier [0x00007FF61B68EFA5+77893]
	GetHandleVerifier [0x00007FF61B68F000+77984]
	(No symbol) [0x00007FF61B4591BA]
	(No symbol) [0x00007FF61B4AF16D]
	(No symbol) [0x00007FF61B4AF41C]
	(No symbol) [0x00007FF61B4A1B1C]
	(No symbol) [0x00007FF61B4D716F]
	(No symbol) [0x00007FF61B4A19E6]
	(No symbol) [0x00007FF61B4D7340]
	(No symbol) [0x00007FF61B4FF07F]
	(No symbol) [0x00007FF61B4D6F03]
	(No symbol) [0x00007FF61B4A0328]
	(No symbol) [0x00007FF61B4A1093]
	GetHandleVerifier [0x00007FF61B947B6D+2931725]
	GetHandleVerifier [0x00007FF61B942132+2908626]
	GetHandleVerifier [0x00007FF61B9600F3+3031443]
	GetHandleVerifier [0x00007FF61B6A91EA+184970]
	GetHandleVerifier [0x00007FF61B6B086F+215311]
	GetHandleVerifier [0x00007FF61B696EC4+110436]
	GetHandleVerifier [0x00007FF61B697072+110866]
	GetHandleVerifier [0x00007FF61B67D479+5401]
	BaseThreadInitThunk [0x00007FFB33C8E8D7+23]
	RtlUserThreadStart [0x00007FFB34EF197C+44]

2025-04-30 00:57:57,431 - WARNING - Failed to parse a job card: Message: no such element: Unable to locate element: {"method":"css selector","selector":".Job_job-card__position__ic1rc"}
  (Session info: chrome=135.0.7049.115); For documentation on this error, please visit: https://www.selenium.dev/documentation/webdriver/troubleshooting/errors#no-such-element-exception
Stacktrace:
	GetHandleVerifier [0x00007FF61B68EFA5+77893]
	GetHandleVerifier [0x00007FF61B68F000+77984]
	(No symbol) [0x00007FF61B4591BA]
	(No symbol) [0x00007FF61B4AF16D]
	(No symbol) [0x00007FF61B4AF41C]
	(No symbol) [0x00007FF61B4A1B1C]
	(No symbol) [0x00007FF61B4D716F]
	(No symbol) [0x00007FF61B4A19E6]
	(No symbol) [0x00007FF61B4D7340]
	(No symbol) [0x00007FF61B4FF07F]
	(No symbol) [0x00007FF61B4D6F03]
	(No symbol) [0x00007FF61B4A0328]
	(No symbol) [0x00007FF61B4A1093]
	GetHandleVerifier [0x00007FF61B947B6D+2931725]
	GetHandleVerifier [0x00007FF61B942132+2908626]
	GetHandleVerifier [0x00007FF61B9600F3+3031443]
	GetHandleVerifier [0x00007FF61B6A91EA+184970]
	GetHandleVerifier [0x00007FF61B6B086F+215311]
	GetHandleVerifier [0x00007FF61B696EC4+110436]
	GetHandleVerifier [0x00007FF61B697072+110866]
	GetHandleVerifier [0x00007FF61B67D479+5401]
	BaseThreadInitThunk [0x00007FFB33C8E8D7+23]
	RtlUserThreadStart [0x00007FFB34EF197C+44]

2025-04-30 00:57:57,446 - WARNING - Failed to parse a job card: Message: no such element: Unable to locate element: {"method":"css selector","selector":".Job_job-card__position__ic1rc"}
  (Session info: chrome=135.0.7049.115); For documentation on this error, please visit: https://www.selenium.dev/documentation/webdriver/troubleshooting/errors#no-such-element-exception
Stacktrace:
	GetHandleVerifier [0x00007FF61B68EFA5+77893]
	GetHandleVerifier [0x00007FF61B68F000+77984]
	(No symbol) [0x00007FF61B4591BA]
	(No symbol) [0x00007FF61B4AF16D]
	(No symbol) [0x00007FF61B4AF41C]
	(No symbol) [0x00007FF61B4A1B1C]
	(No symbol) [0x00007FF61B4D716F]
	(No symbol) [0x00007FF61B4A19E6]
	(No symbol) [0x00007FF61B4D7340]
	(No symbol) [0x00007FF61B4FF07F]
	(No symbol) [0x00007FF61B4D6F03]
	(No symbol) [0x00007FF61B4A0328]
	(No symbol) [0x00007FF61B4A1093]
	GetHandleVerifier [0x00007FF61B947B6D+2931725]
	GetHandleVerifier [0x00007FF61B942132+2908626]
	GetHandleVerifier [0x00007FF61B9600F3+3031443]
	GetHandleVerifier [0x00007FF61B6A91EA+184970]
	GetHandleVerifier [0x00007FF61B6B086F+215311]
	GetHandleVerifier [0x00007FF61B696EC4+110436]
	GetHandleVerifier [0x00007FF61B697072+110866]
	GetHandleVerifier [0x00007FF61B67D479+5401]
	BaseThreadInitThunk [0x00007FFB33C8E8D7+23]
	RtlUserThreadStart [0x00007FFB34EF197C+44]

2025-04-30 00:57:57,460 - WARNING - Failed to parse a job card: Message: no such element: Unable to locate element: {"method":"css selector","selector":".Job_job-card__position__ic1rc"}
  (Session info: chrome=135.0.7049.115); For documentation on this error, please visit: https://www.selenium.dev/documentation/webdriver/troubleshooting/errors#no-such-element-exception
Stacktrace:
	GetHandleVerifier [0x00007FF61B68EFA5+77893]
	GetHandleVerifier [0x00007FF61B68F000+77984]
	(No symbol) [0x00007FF61B4591BA]
	(No symbol) [0x00007FF61B4AF16D]
	(No symbol) [0x00007FF61B4AF41C]
	(No symbol) [0x00007FF61B4A1B1C]
	(No symbol) [0x00007FF61B4D716F]
	(No symbol) [0x00007FF61B4A19E6]
	(No symbol) [0x00007FF61B4D7340]
	(No symbol) [0x00007FF61B4FF07F]
	(No symbol) [0x00007FF61B4D6F03]
	(No symbol) [0x00007FF61B4A0328]
	(No symbol) [0x00007FF61B4A1093]
	GetHandleVerifier [0x00007FF61B947B6D+2931725]
	GetHandleVerifier [0x00007FF61B942132+2908626]
	GetHandleVerifier [0x00007FF61B9600F3+3031443]
	GetHandleVerifier [0x00007FF61B6A91EA+184970]
	GetHandleVerifier [0x00007FF61B6B086F+215311]
	GetHandleVerifier [0x00007FF61B696EC4+110436]
	GetHandleVerifier [0x00007FF61B697072+110866]
	GetHandleVerifier [0x00007FF61B67D479+5401]
	BaseThreadInitThunk [0x00007FFB33C8E8D7+23]
	RtlUserThreadStart [0x00007FFB34EF197C+44]

2025-04-30 00:57:57,476 - WARNING - Failed to parse a job card: Message: no such element: Unable to locate element: {"method":"css selector","selector":".Job_job-card__position__ic1rc"}
  (Session info: chrome=135.0.7049.115); For documentation on this error, please visit: https://www.selenium.dev/documentation/webdriver/troubleshooting/errors#no-such-element-exception
Stacktrace:
	GetHandleVerifier [0x00007FF61B68EFA5+77893]
	GetHandleVerifier [0x00007FF61B68F000+77984]
	(No symbol) [0x00007FF61B4591BA]
	(No symbol) [0x00007FF61B4AF16D]
	(No symbol) [0x00007FF61B4AF41C]
	(No symbol) [0x00007FF61B4A1B1C]
	(No symbol) [0x00007FF61B4D716F]
	(No symbol) [0x00007FF61B4A19E6]
	(No symbol) [0x00007FF61B4D7340]
	(No symbol) [0x00007FF61B4FF07F]
	(No symbol) [0x00007FF61B4D6F03]
	(No symbol) [0x00007FF61B4A0328]
	(No symbol) [0x00007FF61B4A1093]
	GetHandleVerifier [0x00007FF61B947B6D+2931725]
	GetHandleVerifier [0x00007FF61B942132+2908626]
	GetHandleVerifier [0x00007FF61B9600F3+3031443]
	GetHandleVerifier [0x00007FF61B6A91EA+184970]
	GetHandleVerifier [0x00007FF61B6B086F+215311]
	GetHandleVerifier [0x00007FF61B696EC4+110436]
	GetHandleVerifier [0x00007FF61B697072+110866]
	GetHandleVerifier [0x00007FF61B67D479+5401]
	BaseThreadInitThunk [0x00007FFB33C8E8D7+23]
	RtlUserThreadStart [0x00007FFB34EF197C+44]

2025-04-30 00:57:57,480 - INFO - Scraped 0 jobs successfully.
2025-04-30 00:57:59,842 - INFO - 127.0.0.1 - - [30/Apr/2025 00:57:59] "GET /scrape HTTP/1.1" 200 -
2025-04-30 00:58:45,346 - INFO - 127.0.0.1 - - [30/Apr/2025 00:58:45] "GET /jobs HTTP/1.1" 200 -
2025-04-30 01:08:21,971 - INFO -  * Detected change in 'H:\\Mini-Project\\backend\\app.py', reloading
2025-04-30 01:08:27,519 - INFO - Scraping started
2025-04-30 01:08:44,998 - ERROR - Error during scraping: Message: 

2025-04-30 01:08:47,320 - INFO - Scraping ended. Jobs scraped: 0
2025-04-30 01:09:40,718 - INFO - Scraping started
2025-04-30 01:09:58,932 - ERROR - Error during scraping: Message: 

2025-04-30 01:10:01,149 - INFO - Scraping ended. Jobs scraped: 0
2025-04-30 01:12:41,329 - INFO - Scraping started
2025-04-30 01:13:00,013 - ERROR - Error during scraping: Message: 

2025-04-30 01:13:02,319 - INFO - Scraping ended. Jobs scraped: 0
2025-04-30 01:16:02,451 - INFO - Scraping started
2025-04-30 01:16:20,938 - ERROR - Error during scraping: Message: 

2025-04-30 01:16:23,228 - INFO - Scraping ended. Jobs scraped: 0
2025-04-30 01:16:44,662 - INFO - Scraping started
2025-04-30 01:17:05,937 - ERROR - Error during scraping: Message: 

2025-04-30 01:17:08,186 - INFO - Scraping ended. Jobs scraped: 0
2025-04-30 01:19:45,277 - INFO - Scraping started
2025-04-30 01:20:03,740 - ERROR - Error during scraping: Message: 

2025-04-30 01:20:05,953 - INFO - Scraping ended. Jobs scraped: 0
2025-04-30 01:23:06,225 - INFO - Scraping started
2025-04-30 01:23:28,010 - ERROR - Error during scraping: Message: 

2025-04-30 01:23:30,265 - INFO - Scraping ended. Jobs scraped: 0
2025-04-30 01:26:30,424 - INFO - Scraping started
2025-04-30 01:26:48,791 - ERROR - Error during scraping: Message: 

2025-04-30 01:26:50,988 - INFO - Scraping ended. Jobs scraped: 0
2025-04-30 01:29:51,153 - INFO - Scraping started
2025-04-30 01:30:09,843 - WARNING - Retrying (Retry(total=2, connect=None, read=None, redirect=None, status=None)) after connection broken by 'ConnectionResetError(10054, 'An existing connection was forcibly closed by the remote host', None, 10054, None)': /session/31a8aed580a1ff718190a2a064289c96
2025-04-30 01:30:26,117 - INFO - Scraping started.
2025-04-30 01:30:45,305 - WARNING - Failed to parse a job card: table jobs has no column named job_url
2025-04-30 01:30:45,379 - WARNING - Failed to parse a job card: table jobs has no column named job_url
2025-04-30 01:30:45,448 - WARNING - Failed to parse a job card: table jobs has no column named job_url
2025-04-30 01:30:45,513 - WARNING - Failed to parse a job card: table jobs has no column named job_url
2025-04-30 01:30:45,564 - WARNING - Failed to parse a job card: table jobs has no column named job_url
2025-04-30 01:30:45,711 - WARNING - Failed to parse a job card: table jobs has no column named job_url
2025-04-30 01:30:45,812 - WARNING - Failed to parse a job card: table jobs has no column named job_url
2025-04-30 01:30:45,917 - WARNING - Failed to parse a job card: table jobs has no column named job_url
2025-04-30 01:30:46,026 - WARNING - Failed to parse a job card: table jobs has no column named job_url
2025-04-30 01:30:46,102 - WARNING - Failed to parse a job card: table jobs has no column named job_url
2025-04-30 01:30:46,192 - WARNING - Failed to parse a job card: table jobs has no column named job_url
2025-04-30 01:30:46,316 - WARNING - Failed to parse a job card: table jobs has no column named job_url
2025-04-30 01:30:46,418 - WARNING - Failed to parse a job card: table jobs has no column named job_url
2025-04-30 01:30:46,488 - WARNING - Failed to parse a job card: table jobs has no column named job_url
2025-04-30 01:30:46,558 - WARNING - Failed to parse a job card: table jobs has no column named job_url
2025-04-30 01:30:46,688 - WARNING - Failed to parse a job card: table jobs has no column named job_url
2025-04-30 01:30:46,762 - WARNING - Failed to parse a job card: table jobs has no column named job_url
2025-04-30 01:30:46,820 - WARNING - Failed to parse a job card: table jobs has no column named job_url
2025-04-30 01:30:46,912 - WARNING - Failed to parse a job card: table jobs has no column named job_url
2025-04-30 01:30:47,054 - WARNING - Failed to parse a job card: table jobs has no column named job_url
2025-04-30 01:30:47,132 - WARNING - Failed to parse a job card: table jobs has no column named job_url
2025-04-30 01:30:47,212 - WARNING - Failed to parse a job card: table jobs has no column named job_url
2025-04-30 01:30:47,282 - WARNING - Failed to parse a job card: table jobs has no column named job_url
2025-04-30 01:30:47,369 - WARNING - Failed to parse a job card: table jobs has no column named job_url
2025-04-30 01:30:47,497 - WARNING - Failed to parse a job card: table jobs has no column named job_url
2025-04-30 01:30:47,580 - WARNING - Failed to parse a job card: table jobs has no column named job_url
2025-04-30 01:30:47,651 - WARNING - Failed to parse a job card: table jobs has no column named job_url
2025-04-30 01:30:47,710 - WARNING - Failed to parse a job card: table jobs has no column named job_url
2025-04-30 01:30:47,787 - WARNING - Failed to parse a job card: table jobs has no column named job_url
2025-04-30 01:30:47,892 - WARNING - Failed to parse a job card: table jobs has no column named job_url
2025-04-30 01:30:50,240 - INFO - Scraping ended. Jobs scraped: 0
2025-04-30 01:30:50,243 - INFO - Scheduler started. Scraping every 3 minutes.
2025-04-30 01:33:50,369 - INFO - Scraping started.
2025-04-30 01:34:13,209 - WARNING - Failed to parse a job card: table jobs has no column named job_url
2025-04-30 01:34:13,275 - WARNING - Failed to parse a job card: table jobs has no column named job_url
2025-04-30 01:34:13,341 - WARNING - Failed to parse a job card: table jobs has no column named job_url
2025-04-30 01:34:13,412 - WARNING - Failed to parse a job card: table jobs has no column named job_url
2025-04-30 01:34:13,467 - WARNING - Failed to parse a job card: table jobs has no column named job_url
2025-04-30 01:34:13,528 - WARNING - Failed to parse a job card: table jobs has no column named job_url
2025-04-30 01:34:13,610 - WARNING - Failed to parse a job card: table jobs has no column named job_url
2025-04-30 01:34:13,747 - WARNING - Failed to parse a job card: table jobs has no column named job_url
2025-04-30 01:34:13,926 - WARNING - Failed to parse a job card: table jobs has no column named job_url
2025-04-30 01:34:14,010 - WARNING - Failed to parse a job card: table jobs has no column named job_url
2025-04-30 01:34:14,091 - WARNING - Failed to parse a job card: table jobs has no column named job_url
2025-04-30 01:34:14,175 - WARNING - Failed to parse a job card: table jobs has no column named job_url
2025-04-30 01:34:14,251 - WARNING - Failed to parse a job card: table jobs has no column named job_url
2025-04-30 01:34:14,330 - WARNING - Failed to parse a job card: table jobs has no column named job_url
2025-04-30 01:34:14,388 - WARNING - Failed to parse a job card: table jobs has no column named job_url
2025-04-30 01:34:14,454 - WARNING - Failed to parse a job card: table jobs has no column named job_url
2025-04-30 01:34:14,523 - WARNING - Failed to parse a job card: table jobs has no column named job_url
2025-04-30 01:34:14,580 - WARNING - Failed to parse a job card: table jobs has no column named job_url
2025-04-30 01:34:14,635 - WARNING - Failed to parse a job card: table jobs has no column named job_url
2025-04-30 01:34:14,686 - WARNING - Failed to parse a job card: table jobs has no column named job_url
2025-04-30 01:34:14,743 - WARNING - Failed to parse a job card: table jobs has no column named job_url
2025-04-30 01:34:14,797 - WARNING - Failed to parse a job card: table jobs has no column named job_url
2025-04-30 01:34:14,848 - WARNING - Failed to parse a job card: table jobs has no column named job_url
2025-04-30 01:34:14,898 - WARNING - Failed to parse a job card: table jobs has no column named job_url
2025-04-30 01:34:14,955 - WARNING - Failed to parse a job card: table jobs has no column named job_url
2025-04-30 01:34:15,009 - WARNING - Failed to parse a job card: table jobs has no column named job_url
2025-04-30 01:34:15,061 - WARNING - Failed to parse a job card: table jobs has no column named job_url
2025-04-30 01:34:15,122 - WARNING - Failed to parse a job card: table jobs has no column named job_url
2025-04-30 01:34:15,183 - WARNING - Failed to parse a job card: table jobs has no column named job_url
2025-04-30 01:34:15,240 - WARNING - Failed to parse a job card: table jobs has no column named job_url
2025-04-30 01:34:17,446 - INFO - Scraping ended. Jobs scraped: 0
2025-04-30 01:34:55,410 - INFO - Scraping started.
2025-04-30 01:34:55,514 - INFO - [31m[1mWARNING: This is a development server. Do not use it in a production deployment. Use a production WSGI server instead.[0m
 * Running on http://127.0.0.1:5000
2025-04-30 01:34:55,515 - INFO - [33mPress CTRL+C to quit[0m
2025-04-30 01:35:13,898 - WARNING - Failed to parse a job card: table jobs has no column named job_url
2025-04-30 01:35:14,011 - WARNING - Failed to parse a job card: table jobs has no column named job_url
2025-04-30 01:35:14,103 - WARNING - Failed to parse a job card: table jobs has no column named job_url
2025-04-30 01:35:14,216 - WARNING - Failed to parse a job card: table jobs has no column named job_url
2025-04-30 01:35:14,388 - WARNING - Failed to parse a job card: table jobs has no column named job_url
2025-04-30 01:35:14,516 - WARNING - Failed to parse a job card: table jobs has no column named job_url
2025-04-30 01:35:14,619 - WARNING - Failed to parse a job card: table jobs has no column named job_url
2025-04-30 01:35:14,755 - WARNING - Failed to parse a job card: table jobs has no column named job_url
2025-04-30 01:35:14,876 - WARNING - Failed to parse a job card: table jobs has no column named job_url
2025-04-30 01:35:15,007 - WARNING - Failed to parse a job card: table jobs has no column named job_url
2025-04-30 01:35:15,116 - WARNING - Failed to parse a job card: table jobs has no column named job_url
2025-04-30 01:35:15,233 - WARNING - Failed to parse a job card: table jobs has no column named job_url
2025-04-30 01:35:15,370 - WARNING - Failed to parse a job card: table jobs has no column named job_url
2025-04-30 01:35:15,506 - WARNING - Failed to parse a job card: table jobs has no column named job_url
2025-04-30 01:35:15,668 - WARNING - Failed to parse a job card: table jobs has no column named job_url
2025-04-30 01:35:15,762 - WARNING - Failed to parse a job card: table jobs has no column named job_url
2025-04-30 01:35:15,888 - WARNING - Failed to parse a job card: table jobs has no column named job_url
2025-04-30 01:35:15,989 - WARNING - Failed to parse a job card: table jobs has no column named job_url
2025-04-30 01:35:16,127 - WARNING - Failed to parse a job card: table jobs has no column named job_url
2025-04-30 01:35:16,236 - WARNING - Failed to parse a job card: table jobs has no column named job_url
2025-04-30 01:35:16,408 - WARNING - Failed to parse a job card: table jobs has no column named job_url
2025-04-30 01:35:16,510 - WARNING - Failed to parse a job card: table jobs has no column named job_url
2025-04-30 01:35:16,627 - WARNING - Failed to parse a job card: table jobs has no column named job_url
2025-04-30 01:35:16,750 - WARNING - Failed to parse a job card: table jobs has no column named job_url
2025-04-30 01:35:16,865 - WARNING - Failed to parse a job card: table jobs has no column named job_url
2025-04-30 01:35:17,008 - WARNING - Failed to parse a job card: table jobs has no column named job_url
2025-04-30 01:35:17,122 - WARNING - Failed to parse a job card: table jobs has no column named job_url
2025-04-30 01:35:17,230 - WARNING - Failed to parse a job card: table jobs has no column named job_url
2025-04-30 01:35:17,351 - WARNING - Failed to parse a job card: table jobs has no column named job_url
2025-04-30 01:35:17,454 - WARNING - Failed to parse a job card: table jobs has no column named job_url
2025-04-30 01:35:19,851 - INFO - Scraping ended. Jobs scraped: 0
2025-04-30 01:35:19,863 - INFO - Scheduler started. Scraping every 3 minutes.
2025-04-30 01:35:50,523 - INFO - Scheduler started. Scraping every 3 minutes.
2025-04-30 01:35:50,549 - INFO - [31m[1mWARNING: This is a development server. Do not use it in a production deployment. Use a production WSGI server instead.[0m
 * Running on http://127.0.0.1:5000
2025-04-30 01:35:50,549 - INFO - [33mPress CTRL+C to quit[0m
2025-04-30 01:35:50,551 - INFO -  * Restarting with stat
2025-04-30 01:35:51,025 - INFO - Scheduler started. Scraping every 3 minutes.
2025-04-30 01:35:51,042 - WARNING -  * Debugger is active!
2025-04-30 01:35:51,045 - INFO -  * Debugger PIN: 140-782-711
2025-04-30 01:36:04,632 - INFO - 127.0.0.1 - - [30/Apr/2025 01:36:04] "GET /jobs HTTP/1.1" 200 -
2025-04-30 01:38:50,626 - INFO - Scraping started.
2025-04-30 01:38:51,140 - INFO - Scraping started.
2025-04-30 01:39:19,405 - WARNING - Failed to parse a job card: table jobs has no column named job_url
2025-04-30 01:39:19,468 - WARNING - Failed to parse a job card: table jobs has no column named job_url
2025-04-30 01:39:19,527 - WARNING - Failed to parse a job card: table jobs has no column named job_url
2025-04-30 01:39:19,604 - WARNING - Failed to parse a job card: table jobs has no column named job_url
2025-04-30 01:39:19,744 - WARNING - Failed to parse a job card: table jobs has no column named job_url
2025-04-30 01:39:19,907 - WARNING - Failed to parse a job card: table jobs has no column named job_url
2025-04-30 01:39:20,041 - WARNING - Failed to parse a job card: table jobs has no column named job_url
2025-04-30 01:39:20,192 - WARNING - Failed to parse a job card: table jobs has no column named job_url
2025-04-30 01:39:20,272 - WARNING - Failed to parse a job card: table jobs has no column named job_url
2025-04-30 01:39:20,350 - WARNING - Failed to parse a job card: table jobs has no column named job_url
2025-04-30 01:39:20,446 - WARNING - Failed to parse a job card: table jobs has no column named job_url
2025-04-30 01:39:20,523 - WARNING - Failed to parse a job card: table jobs has no column named job_url
2025-04-30 01:39:20,603 - WARNING - Failed to parse a job card: table jobs has no column named job_url
2025-04-30 01:39:20,691 - WARNING - Failed to parse a job card: table jobs has no column named job_url
2025-04-30 01:39:20,793 - WARNING - Failed to parse a job card: table jobs has no column named job_url
2025-04-30 01:39:20,918 - WARNING - Failed to parse a job card: table jobs has no column named job_url
2025-04-30 01:39:21,013 - WARNING - Failed to parse a job card: table jobs has no column named job_url
2025-04-30 01:39:21,100 - WARNING - Failed to parse a job card: table jobs has no column named job_url
2025-04-30 01:39:21,198 - WARNING - Failed to parse a job card: table jobs has no column named job_url
2025-04-30 01:39:21,281 - WARNING - Failed to parse a job card: table jobs has no column named job_url
2025-04-30 01:39:21,350 - WARNING - Failed to parse a job card: table jobs has no column named job_url
2025-04-30 01:39:21,447 - WARNING - Failed to parse a job card: table jobs has no column named job_url
2025-04-30 01:39:21,531 - WARNING - Failed to parse a job card: table jobs has no column named job_url
2025-04-30 01:39:21,604 - WARNING - Failed to parse a job card: table jobs has no column named job_url
2025-04-30 01:39:21,684 - WARNING - Failed to parse a job card: table jobs has no column named job_url
2025-04-30 01:39:21,689 - WARNING - Failed to parse a job card: table jobs has no column named job_url
2025-04-30 01:39:21,750 - WARNING - Failed to parse a job card: table jobs has no column named job_url
2025-04-30 01:39:21,773 - WARNING - Failed to parse a job card: table jobs has no column named job_url
2025-04-30 01:39:21,858 - WARNING - Failed to parse a job card: table jobs has no column named job_url
2025-04-30 01:39:21,898 - WARNING - Failed to parse a job card: table jobs has no column named job_url
2025-04-30 01:39:22,078 - WARNING - Failed to parse a job card: table jobs has no column named job_url
2025-04-30 01:39:22,194 - WARNING - Failed to parse a job card: table jobs has no column named job_url
2025-04-30 01:39:22,358 - WARNING - Failed to parse a job card: table jobs has no column named job_url
2025-04-30 01:39:22,420 - WARNING - Failed to parse a job card: table jobs has no column named job_url
2025-04-30 01:39:22,535 - WARNING - Failed to parse a job card: table jobs has no column named job_url
2025-04-30 01:39:22,628 - WARNING - Failed to parse a job card: table jobs has no column named job_url
2025-04-30 01:39:22,806 - WARNING - Failed to parse a job card: table jobs has no column named job_url
2025-04-30 01:39:22,894 - WARNING - Failed to parse a job card: table jobs has no column named job_url
2025-04-30 01:39:22,993 - WARNING - Failed to parse a job card: table jobs has no column named job_url
2025-04-30 01:39:23,078 - WARNING - Failed to parse a job card: table jobs has no column named job_url
2025-04-30 01:39:23,145 - WARNING - Failed to parse a job card: table jobs has no column named job_url
2025-04-30 01:39:23,207 - WARNING - Failed to parse a job card: table jobs has no column named job_url
2025-04-30 01:39:23,281 - WARNING - Failed to parse a job card: table jobs has no column named job_url
2025-04-30 01:39:23,402 - WARNING - Failed to parse a job card: table jobs has no column named job_url
2025-04-30 01:39:23,512 - WARNING - Failed to parse a job card: table jobs has no column named job_url
2025-04-30 01:39:23,633 - WARNING - Failed to parse a job card: table jobs has no column named job_url
2025-04-30 01:39:23,727 - WARNING - Failed to parse a job card: table jobs has no column named job_url
2025-04-30 01:39:23,803 - WARNING - Failed to parse a job card: table jobs has no column named job_url
2025-04-30 01:39:23,891 - WARNING - Failed to parse a job card: table jobs has no column named job_url
2025-04-30 01:39:23,975 - WARNING - Failed to parse a job card: table jobs has no column named job_url
2025-04-30 01:39:24,068 - WARNING - Failed to parse a job card: table jobs has no column named job_url
2025-04-30 01:39:24,158 - WARNING - Failed to parse a job card: table jobs has no column named job_url
2025-04-30 01:39:24,300 - WARNING - Failed to parse a job card: table jobs has no column named job_url
2025-04-30 01:39:24,507 - WARNING - Failed to parse a job card: table jobs has no column named job_url
2025-04-30 01:39:24,687 - WARNING - Failed to parse a job card: table jobs has no column named job_url
2025-04-30 01:39:24,860 - WARNING - Failed to parse a job card: table jobs has no column named job_url
2025-04-30 01:39:24,939 - INFO - Scraping ended. Jobs scraped: 0
2025-04-30 01:39:25,080 - WARNING - Failed to parse a job card: table jobs has no column named job_url
2025-04-30 01:39:25,240 - WARNING - Failed to parse a job card: table jobs has no column named job_url
2025-04-30 01:39:25,455 - WARNING - Failed to parse a job card: table jobs has no column named job_url
2025-04-30 01:39:25,580 - WARNING - Failed to parse a job card: table jobs has no column named job_url
2025-04-30 01:39:27,890 - INFO - Scraping ended. Jobs scraped: 0
2025-04-30 01:42:25,089 - INFO - Scraping started.
2025-04-30 01:42:28,048 - INFO - Scraping started.
2025-04-30 01:42:44,315 - WARNING - Failed to parse a job card: table jobs has no column named job_url
2025-04-30 01:42:44,436 - WARNING - Failed to parse a job card: table jobs has no column named job_url
2025-04-30 01:42:44,545 - WARNING - Failed to parse a job card: table jobs has no column named job_url
2025-04-30 01:42:44,674 - WARNING - Failed to parse a job card: table jobs has no column named job_url
2025-04-30 01:42:44,787 - WARNING - Failed to parse a job card: table jobs has no column named job_url
2025-04-30 01:42:44,910 - WARNING - Failed to parse a job card: table jobs has no column named job_url
2025-04-30 01:42:45,030 - WARNING - Failed to parse a job card: table jobs has no column named job_url
2025-04-30 01:42:45,169 - WARNING - Failed to parse a job card: table jobs has no column named job_url
2025-04-30 01:42:45,273 - WARNING - Failed to parse a job card: table jobs has no column named job_url
2025-04-30 01:42:45,410 - WARNING - Failed to parse a job card: table jobs has no column named job_url
2025-04-30 01:42:45,516 - WARNING - Failed to parse a job card: table jobs has no column named job_url
2025-04-30 01:42:45,636 - WARNING - Failed to parse a job card: table jobs has no column named job_url
2025-04-30 01:42:45,716 - WARNING - Failed to parse a job card: table jobs has no column named job_url
2025-04-30 01:42:45,759 - WARNING - Failed to parse a job card: table jobs has no column named job_url
2025-04-30 01:42:45,826 - WARNING - Failed to parse a job card: table jobs has no column named job_url
2025-04-30 01:42:45,861 - WARNING - Failed to parse a job card: table jobs has no column named job_url
2025-04-30 01:42:45,936 - WARNING - Failed to parse a job card: table jobs has no column named job_url
2025-04-30 01:42:46,030 - WARNING - Failed to parse a job card: table jobs has no column named job_url
2025-04-30 01:42:46,141 - WARNING - Failed to parse a job card: table jobs has no column named job_url
2025-04-30 01:42:46,170 - WARNING - Failed to parse a job card: table jobs has no column named job_url
2025-04-30 01:42:46,279 - WARNING - Failed to parse a job card: table jobs has no column named job_url
2025-04-30 01:42:46,302 - WARNING - Failed to parse a job card: table jobs has no column named job_url
2025-04-30 01:42:46,396 - WARNING - Failed to parse a job card: table jobs has no column named job_url
2025-04-30 01:42:46,409 - WARNING - Failed to parse a job card: table jobs has no column named job_url
2025-04-30 01:42:46,515 - WARNING - Failed to parse a job card: table jobs has no column named job_url
2025-04-30 01:42:46,521 - WARNING - Failed to parse a job card: table jobs has no column named job_url
2025-04-30 01:42:46,628 - WARNING - Failed to parse a job card: table jobs has no column named job_url
2025-04-30 01:42:46,635 - WARNING - Failed to parse a job card: table jobs has no column named job_url
2025-04-30 01:42:46,744 - WARNING - Failed to parse a job card: table jobs has no column named job_url
2025-04-30 01:42:46,759 - WARNING - Failed to parse a job card: table jobs has no column named job_url
2025-04-30 01:42:46,856 - WARNING - Failed to parse a job card: table jobs has no column named job_url
2025-04-30 01:42:46,890 - WARNING - Failed to parse a job card: table jobs has no column named job_url
2025-04-30 01:42:46,985 - WARNING - Failed to parse a job card: table jobs has no column named job_url
2025-04-30 01:42:47,031 - WARNING - Failed to parse a job card: table jobs has no column named job_url
2025-04-30 01:42:47,129 - WARNING - Failed to parse a job card: table jobs has no column named job_url
2025-04-30 01:42:47,169 - WARNING - Failed to parse a job card: table jobs has no column named job_url
2025-04-30 01:42:47,232 - WARNING - Failed to parse a job card: table jobs has no column named job_url
2025-04-30 01:42:47,296 - WARNING - Failed to parse a job card: table jobs has no column named job_url
2025-04-30 01:42:47,337 - WARNING - Failed to parse a job card: table jobs has no column named job_url
2025-04-30 01:42:47,415 - WARNING - Failed to parse a job card: table jobs has no column named job_url
2025-04-30 01:42:47,450 - WARNING - Failed to parse a job card: table jobs has no column named job_url
2025-04-30 01:42:47,521 - WARNING - Failed to parse a job card: table jobs has no column named job_url
2025-04-30 01:42:47,551 - WARNING - Failed to parse a job card: table jobs has no column named job_url
2025-04-30 01:42:47,615 - WARNING - Failed to parse a job card: table jobs has no column named job_url
2025-04-30 01:42:47,650 - WARNING - Failed to parse a job card: table jobs has no column named job_url
2025-04-30 01:42:47,744 - WARNING - Failed to parse a job card: table jobs has no column named job_url
2025-04-30 01:42:47,750 - WARNING - Failed to parse a job card: table jobs has no column named job_url
2025-04-30 01:42:47,903 - WARNING - Failed to parse a job card: table jobs has no column named job_url
2025-04-30 01:42:48,004 - WARNING - Failed to parse a job card: table jobs has no column named job_url
2025-04-30 01:42:48,131 - WARNING - Failed to parse a job card: table jobs has no column named job_url
2025-04-30 01:42:48,247 - WARNING - Failed to parse a job card: table jobs has no column named job_url
2025-04-30 01:42:48,356 - WARNING - Failed to parse a job card: table jobs has no column named job_url
2025-04-30 01:42:48,469 - WARNING - Failed to parse a job card: table jobs has no column named job_url
2025-04-30 01:42:48,572 - WARNING - Failed to parse a job card: table jobs has no column named job_url
2025-04-30 01:42:48,715 - WARNING - Failed to parse a job card: table jobs has no column named job_url
2025-04-30 01:42:48,827 - WARNING - Failed to parse a job card: table jobs has no column named job_url
2025-04-30 01:42:48,940 - WARNING - Failed to parse a job card: table jobs has no column named job_url
2025-04-30 01:42:49,029 - WARNING - Failed to parse a job card: table jobs has no column named job_url
2025-04-30 01:42:49,115 - WARNING - Failed to parse a job card: table jobs has no column named job_url
2025-04-30 01:42:49,204 - WARNING - Failed to parse a job card: table jobs has no column named job_url
2025-04-30 01:42:50,046 - INFO - Scraping ended. Jobs scraped: 0
2025-04-30 01:42:51,426 - INFO - Scraping ended. Jobs scraped: 0
2025-04-30 01:45:50,192 - INFO - Scraping started.
2025-04-30 01:45:51,575 - INFO - Scraping started.
2025-04-30 01:46:08,313 - WARNING - Failed to parse a job card: table jobs has no column named job_url
2025-04-30 01:46:08,424 - WARNING - Failed to parse a job card: table jobs has no column named job_url
2025-04-30 01:46:08,561 - WARNING - Failed to parse a job card: table jobs has no column named job_url
2025-04-30 01:46:08,687 - WARNING - Failed to parse a job card: table jobs has no column named job_url
2025-04-30 01:46:08,813 - WARNING - Failed to parse a job card: table jobs has no column named job_url
2025-04-30 01:46:08,962 - WARNING - Failed to parse a job card: table jobs has no column named job_url
2025-04-30 01:46:09,117 - WARNING - Failed to parse a job card: table jobs has no column named job_url
2025-04-30 01:46:09,297 - WARNING - Failed to parse a job card: table jobs has no column named job_url
2025-04-30 01:46:09,460 - WARNING - Failed to parse a job card: table jobs has no column named job_url
2025-04-30 01:46:09,587 - WARNING - Failed to parse a job card: table jobs has no column named job_url
2025-04-30 01:46:09,687 - WARNING - Failed to parse a job card: table jobs has no column named job_url
2025-04-30 01:46:09,711 - WARNING - Failed to parse a job card: table jobs has no column named job_url
2025-04-30 01:46:09,831 - WARNING - Failed to parse a job card: table jobs has no column named job_url
2025-04-30 01:46:09,865 - WARNING - Failed to parse a job card: table jobs has no column named job_url
2025-04-30 01:46:09,940 - WARNING - Failed to parse a job card: table jobs has no column named job_url
2025-04-30 01:46:09,983 - WARNING - Failed to parse a job card: table jobs has no column named job_url
2025-04-30 01:46:10,076 - WARNING - Failed to parse a job card: table jobs has no column named job_url
2025-04-30 01:46:10,110 - WARNING - Failed to parse a job card: table jobs has no column named job_url
2025-04-30 01:46:10,220 - WARNING - Failed to parse a job card: table jobs has no column named job_url
2025-04-30 01:46:10,272 - WARNING - Failed to parse a job card: table jobs has no column named job_url
2025-04-30 01:46:10,328 - WARNING - Failed to parse a job card: table jobs has no column named job_url
2025-04-30 01:46:10,371 - WARNING - Failed to parse a job card: table jobs has no column named job_url
2025-04-30 01:46:10,440 - WARNING - Failed to parse a job card: table jobs has no column named job_url
2025-04-30 01:46:10,481 - WARNING - Failed to parse a job card: table jobs has no column named job_url
2025-04-30 01:46:10,548 - WARNING - Failed to parse a job card: table jobs has no column named job_url
2025-04-30 01:46:10,592 - WARNING - Failed to parse a job card: table jobs has no column named job_url
2025-04-30 01:46:10,656 - WARNING - Failed to parse a job card: table jobs has no column named job_url
2025-04-30 01:46:10,699 - WARNING - Failed to parse a job card: table jobs has no column named job_url
2025-04-30 01:46:10,768 - WARNING - Failed to parse a job card: table jobs has no column named job_url
2025-04-30 01:46:10,808 - WARNING - Failed to parse a job card: table jobs has no column named job_url
2025-04-30 01:46:10,896 - WARNING - Failed to parse a job card: table jobs has no column named job_url
2025-04-30 01:46:10,958 - WARNING - Failed to parse a job card: table jobs has no column named job_url
2025-04-30 01:46:11,024 - WARNING - Failed to parse a job card: table jobs has no column named job_url
2025-04-30 01:46:11,065 - WARNING - Failed to parse a job card: table jobs has no column named job_url
2025-04-30 01:46:11,134 - WARNING - Failed to parse a job card: table jobs has no column named job_url
2025-04-30 01:46:11,174 - WARNING - Failed to parse a job card: table jobs has no column named job_url
2025-04-30 01:46:11,265 - WARNING - Failed to parse a job card: table jobs has no column named job_url
2025-04-30 01:46:11,290 - WARNING - Failed to parse a job card: table jobs has no column named job_url
2025-04-30 01:46:11,376 - WARNING - Failed to parse a job card: table jobs has no column named job_url
2025-04-30 01:46:11,403 - WARNING - Failed to parse a job card: table jobs has no column named job_url
2025-04-30 01:46:11,507 - WARNING - Failed to parse a job card: table jobs has no column named job_url
2025-04-30 01:46:11,536 - WARNING - Failed to parse a job card: table jobs has no column named job_url
2025-04-30 01:46:11,612 - WARNING - Failed to parse a job card: table jobs has no column named job_url
2025-04-30 01:46:11,648 - WARNING - Failed to parse a job card: table jobs has no column named job_url
2025-04-30 01:46:11,743 - WARNING - Failed to parse a job card: table jobs has no column named job_url
2025-04-30 01:46:11,768 - WARNING - Failed to parse a job card: table jobs has no column named job_url
2025-04-30 01:46:11,827 - WARNING - Failed to parse a job card: table jobs has no column named job_url
2025-04-30 01:46:11,851 - WARNING - Failed to parse a job card: table jobs has no column named job_url
2025-04-30 01:46:11,910 - WARNING - Failed to parse a job card: table jobs has no column named job_url
2025-04-30 01:46:11,968 - WARNING - Failed to parse a job card: table jobs has no column named job_url
2025-04-30 01:46:12,074 - WARNING - Failed to parse a job card: table jobs has no column named job_url
2025-04-30 01:46:12,171 - WARNING - Failed to parse a job card: table jobs has no column named job_url
2025-04-30 01:46:12,272 - WARNING - Failed to parse a job card: table jobs has no column named job_url
2025-04-30 01:46:12,400 - WARNING - Failed to parse a job card: table jobs has no column named job_url
2025-04-30 01:46:12,531 - WARNING - Failed to parse a job card: table jobs has no column named job_url
2025-04-30 01:46:12,666 - WARNING - Failed to parse a job card: table jobs has no column named job_url
2025-04-30 01:46:12,776 - WARNING - Failed to parse a job card: table jobs has no column named job_url
2025-04-30 01:46:12,910 - WARNING - Failed to parse a job card: table jobs has no column named job_url
2025-04-30 01:46:13,021 - WARNING - Failed to parse a job card: table jobs has no column named job_url
2025-04-30 01:46:13,132 - WARNING - Failed to parse a job card: table jobs has no column named job_url
2025-04-30 01:46:14,162 - INFO - Scraping ended. Jobs scraped: 0
2025-04-30 01:46:15,371 - INFO - Scraping ended. Jobs scraped: 0
2025-04-30 01:49:14,275 - INFO - Scraping started.
2025-04-30 01:49:15,492 - INFO - Scraping started.
2025-04-30 01:49:32,511 - WARNING - Failed to parse a job card: table jobs has no column named job_url
2025-04-30 01:49:32,678 - WARNING - Failed to parse a job card: table jobs has no column named job_url
2025-04-30 01:49:32,796 - WARNING - Failed to parse a job card: table jobs has no column named job_url
2025-04-30 01:49:32,899 - WARNING - Failed to parse a job card: table jobs has no column named job_url
2025-04-30 01:49:33,002 - WARNING - Failed to parse a job card: table jobs has no column named job_url
2025-04-30 01:49:33,149 - WARNING - Failed to parse a job card: table jobs has no column named job_url
2025-04-30 01:49:33,250 - WARNING - Failed to parse a job card: table jobs has no column named job_url
2025-04-30 01:49:33,342 - WARNING - Failed to parse a job card: table jobs has no column named job_url
2025-04-30 01:49:33,529 - WARNING - Failed to parse a job card: table jobs has no column named job_url
2025-04-30 01:49:33,659 - WARNING - Failed to parse a job card: table jobs has no column named job_url
2025-04-30 01:49:33,851 - WARNING - Failed to parse a job card: table jobs has no column named job_url
2025-04-30 01:49:33,967 - WARNING - Failed to parse a job card: table jobs has no column named job_url
2025-04-30 01:49:34,081 - WARNING - Failed to parse a job card: table jobs has no column named job_url
2025-04-30 01:49:34,235 - WARNING - Failed to parse a job card: table jobs has no column named job_url
2025-04-30 01:49:34,361 - WARNING - Failed to parse a job card: table jobs has no column named job_url
2025-04-30 01:49:34,501 - WARNING - Failed to parse a job card: table jobs has no column named job_url
2025-04-30 01:49:34,641 - WARNING - Failed to parse a job card: table jobs has no column named job_url
2025-04-30 01:49:34,779 - WARNING - Failed to parse a job card: table jobs has no column named job_url
2025-04-30 01:49:34,883 - WARNING - Failed to parse a job card: table jobs has no column named job_url
2025-04-30 01:49:34,997 - WARNING - Failed to parse a job card: table jobs has no column named job_url
2025-04-30 01:49:35,122 - WARNING - Failed to parse a job card: table jobs has no column named job_url
2025-04-30 01:49:35,245 - WARNING - Failed to parse a job card: table jobs has no column named job_url
2025-04-30 01:49:35,350 - WARNING - Failed to parse a job card: table jobs has no column named job_url
2025-04-30 01:49:35,363 - WARNING - Failed to parse a job card: table jobs has no column named job_url
2025-04-30 01:49:35,474 - WARNING - Failed to parse a job card: table jobs has no column named job_url
2025-04-30 01:49:35,497 - WARNING - Failed to parse a job card: table jobs has no column named job_url
2025-04-30 01:49:35,583 - WARNING - Failed to parse a job card: table jobs has no column named job_url
2025-04-30 01:49:35,616 - WARNING - Failed to parse a job card: table jobs has no column named job_url
2025-04-30 01:49:35,720 - WARNING - Failed to parse a job card: table jobs has no column named job_url
2025-04-30 01:49:35,742 - WARNING - Failed to parse a job card: table jobs has no column named job_url
2025-04-30 01:49:35,830 - WARNING - Failed to parse a job card: table jobs has no column named job_url
2025-04-30 01:49:35,853 - WARNING - Failed to parse a job card: table jobs has no column named job_url
2025-04-30 01:49:35,944 - WARNING - Failed to parse a job card: table jobs has no column named job_url
2025-04-30 01:49:35,980 - WARNING - Failed to parse a job card: table jobs has no column named job_url
2025-04-30 01:49:36,174 - WARNING - Failed to parse a job card: table jobs has no column named job_url
2025-04-30 01:49:36,208 - WARNING - Failed to parse a job card: table jobs has no column named job_url
2025-04-30 01:49:36,386 - WARNING - Failed to parse a job card: table jobs has no column named job_url
2025-04-30 01:49:36,423 - WARNING - Failed to parse a job card: table jobs has no column named job_url
2025-04-30 01:49:36,594 - WARNING - Failed to parse a job card: table jobs has no column named job_url
2025-04-30 01:49:36,744 - WARNING - Failed to parse a job card: table jobs has no column named job_url
2025-04-30 01:49:36,863 - WARNING - Failed to parse a job card: table jobs has no column named job_url
2025-04-30 01:49:36,956 - WARNING - Failed to parse a job card: table jobs has no column named job_url
2025-04-30 01:49:37,103 - WARNING - Failed to parse a job card: table jobs has no column named job_url
2025-04-30 01:49:37,259 - WARNING - Failed to parse a job card: table jobs has no column named job_url
2025-04-30 01:49:37,384 - WARNING - Failed to parse a job card: table jobs has no column named job_url
2025-04-30 01:49:37,513 - WARNING - Failed to parse a job card: table jobs has no column named job_url
2025-04-30 01:49:37,618 - WARNING - Failed to parse a job card: table jobs has no column named job_url
2025-04-30 01:49:37,738 - WARNING - Failed to parse a job card: table jobs has no column named job_url
2025-04-30 01:49:37,848 - WARNING - Failed to parse a job card: table jobs has no column named job_url
2025-04-30 01:49:37,949 - WARNING - Failed to parse a job card: table jobs has no column named job_url
2025-04-30 01:49:38,048 - WARNING - Failed to parse a job card: table jobs has no column named job_url
2025-04-30 01:49:38,181 - WARNING - Failed to parse a job card: table jobs has no column named job_url
2025-04-30 01:49:38,301 - WARNING - Failed to parse a job card: table jobs has no column named job_url
2025-04-30 01:49:38,448 - WARNING - Failed to parse a job card: table jobs has no column named job_url
2025-04-30 01:49:38,588 - WARNING - Failed to parse a job card: table jobs has no column named job_url
2025-04-30 01:49:38,710 - WARNING - Failed to parse a job card: table jobs has no column named job_url
2025-04-30 01:49:38,816 - INFO - Scraping ended. Jobs scraped: 0
2025-04-30 01:49:38,848 - WARNING - Failed to parse a job card: table jobs has no column named job_url
2025-04-30 01:49:38,997 - WARNING - Failed to parse a job card: table jobs has no column named job_url
2025-04-30 01:49:39,132 - WARNING - Failed to parse a job card: table jobs has no column named job_url
2025-04-30 01:49:39,274 - WARNING - Failed to parse a job card: table jobs has no column named job_url
2025-04-30 01:49:41,492 - INFO - Scraping ended. Jobs scraped: 0
2025-04-30 01:49:48,835 - INFO -  * Detected change in 'H:\\Mini-Project\\backend\\app.py', reloading
2025-04-30 01:50:05,557 - INFO -  * Restarting with stat
2025-04-30 01:50:06,766 - INFO - Scheduler started.
2025-04-30 01:50:06,807 - WARNING -  * Debugger is active!
2025-04-30 01:50:06,811 - INFO -  * Debugger PIN: 140-782-711
2025-04-30 01:52:11,674 - INFO -  * Detected change in 'H:\\Mini-Project\\backend\\app.py', reloading
2025-04-30 01:52:11,958 - INFO -  * Restarting with stat
2025-04-30 01:52:13,305 - INFO - Scheduler started.
2025-04-30 01:52:13,389 - WARNING -  * Debugger is active!
2025-04-30 01:52:13,393 - INFO -  * Debugger PIN: 140-782-711
2025-04-30 01:52:41,609 - INFO - Scraping started.
2025-04-30 01:52:59,530 - WARNING - Failed to parse a job card: table jobs has no column named job_url
2025-04-30 01:52:59,597 - WARNING - Failed to parse a job card: table jobs has no column named job_url
2025-04-30 01:52:59,708 - WARNING - Failed to parse a job card: table jobs has no column named job_url
2025-04-30 01:52:59,801 - WARNING - Failed to parse a job card: table jobs has no column named job_url
2025-04-30 01:52:59,897 - WARNING - Failed to parse a job card: table jobs has no column named job_url
2025-04-30 01:52:59,978 - WARNING - Failed to parse a job card: table jobs has no column named job_url
2025-04-30 01:53:00,065 - WARNING - Failed to parse a job card: table jobs has no column named job_url
2025-04-30 01:53:00,137 - WARNING - Failed to parse a job card: table jobs has no column named job_url
2025-04-30 01:53:00,256 - WARNING - Failed to parse a job card: table jobs has no column named job_url
2025-04-30 01:53:00,354 - WARNING - Failed to parse a job card: table jobs has no column named job_url
2025-04-30 01:53:00,452 - WARNING - Failed to parse a job card: table jobs has no column named job_url
2025-04-30 01:53:00,567 - WARNING - Failed to parse a job card: table jobs has no column named job_url
2025-04-30 01:53:00,639 - WARNING - Failed to parse a job card: table jobs has no column named job_url
2025-04-30 01:53:00,712 - WARNING - Failed to parse a job card: table jobs has no column named job_url
2025-04-30 01:53:00,774 - WARNING - Failed to parse a job card: table jobs has no column named job_url
2025-04-30 01:53:00,839 - WARNING - Failed to parse a job card: table jobs has no column named job_url
2025-04-30 01:53:00,929 - WARNING - Failed to parse a job card: table jobs has no column named job_url
2025-04-30 01:53:00,988 - WARNING - Failed to parse a job card: table jobs has no column named job_url
2025-04-30 01:53:01,062 - WARNING - Failed to parse a job card: table jobs has no column named job_url
2025-04-30 01:53:01,123 - WARNING - Failed to parse a job card: table jobs has no column named job_url
2025-04-30 01:53:01,188 - WARNING - Failed to parse a job card: table jobs has no column named job_url
2025-04-30 01:53:01,251 - WARNING - Failed to parse a job card: table jobs has no column named job_url
2025-04-30 01:53:01,343 - WARNING - Failed to parse a job card: table jobs has no column named job_url
2025-04-30 01:53:01,416 - WARNING - Failed to parse a job card: table jobs has no column named job_url
2025-04-30 01:53:01,519 - WARNING - Failed to parse a job card: table jobs has no column named job_url
2025-04-30 01:53:01,606 - WARNING - Failed to parse a job card: table jobs has no column named job_url
2025-04-30 01:53:01,680 - WARNING - Failed to parse a job card: table jobs has no column named job_url
2025-04-30 01:53:01,752 - WARNING - Failed to parse a job card: table jobs has no column named job_url
2025-04-30 01:53:01,836 - WARNING - Failed to parse a job card: table jobs has no column named job_url
2025-04-30 01:53:01,905 - WARNING - Failed to parse a job card: table jobs has no column named job_url
2025-04-30 01:53:04,109 - INFO - Scraping ended. Jobs scraped: 0
2025-04-30 01:53:05,723 - INFO -  * Detected change in 'H:\\Mini-Project\\backend\\app.py', reloading
2025-04-30 01:53:05,829 - INFO -  * Restarting with stat
2025-04-30 01:53:32,439 - INFO - Scheduler started.
2025-04-30 01:53:32,478 - INFO - [31m[1mWARNING: This is a development server. Do not use it in a production deployment. Use a production WSGI server instead.[0m
 * Running on http://127.0.0.1:5000
2025-04-30 01:53:32,478 - INFO - [33mPress CTRL+C to quit[0m
2025-04-30 01:53:32,481 - INFO -  * Restarting with stat
2025-04-30 01:53:32,940 - INFO - Scheduler started.
2025-04-30 01:53:32,956 - WARNING -  * Debugger is active!
2025-04-30 01:53:32,958 - INFO -  * Debugger PIN: 140-782-711
2025-04-30 01:56:32,543 - INFO - Scraping started.
2025-04-30 01:56:33,046 - INFO - Scraping started.
2025-04-30 01:56:47,018 - INFO - Found 30 job articles.
2025-04-30 01:56:47,234 - WARNING - Failed to parse a job card: table jobs has no column named job_url
2025-04-30 01:56:47,344 - WARNING - Failed to parse a job card: table jobs has no column named job_url
2025-04-30 01:56:47,480 - WARNING - Failed to parse a job card: table jobs has no column named job_url
2025-04-30 01:56:47,594 - WARNING - Failed to parse a job card: table jobs has no column named job_url
2025-04-30 01:56:47,736 - WARNING - Failed to parse a job card: table jobs has no column named job_url
2025-04-30 01:56:47,852 - WARNING - Failed to parse a job card: table jobs has no column named job_url
2025-04-30 01:56:47,968 - WARNING - Failed to parse a job card: table jobs has no column named job_url
2025-04-30 01:56:48,136 - WARNING - Failed to parse a job card: table jobs has no column named job_url
2025-04-30 01:56:48,289 - WARNING - Failed to parse a job card: table jobs has no column named job_url
2025-04-30 01:56:48,403 - WARNING - Failed to parse a job card: table jobs has no column named job_url
2025-04-30 01:56:48,551 - WARNING - Failed to parse a job card: table jobs has no column named job_url
2025-04-30 01:56:48,660 - WARNING - Failed to parse a job card: table jobs has no column named job_url
2025-04-30 01:56:48,883 - WARNING - Failed to parse a job card: table jobs has no column named job_url
2025-04-30 01:56:49,035 - WARNING - Failed to parse a job card: table jobs has no column named job_url
2025-04-30 01:56:49,202 - WARNING - Failed to parse a job card: table jobs has no column named job_url
2025-04-30 01:56:49,388 - WARNING - Failed to parse a job card: table jobs has no column named job_url
2025-04-30 01:56:49,514 - WARNING - Failed to parse a job card: table jobs has no column named job_url
2025-04-30 01:56:49,610 - WARNING - Failed to parse a job card: table jobs has no column named job_url
2025-04-30 01:56:49,700 - WARNING - Failed to parse a job card: table jobs has no column named job_url
2025-04-30 01:56:49,902 - WARNING - Failed to parse a job card: table jobs has no column named job_url
2025-04-30 01:56:50,052 - WARNING - Failed to parse a job card: table jobs has no column named job_url
2025-04-30 01:56:50,180 - WARNING - Failed to parse a job card: table jobs has no column named job_url
2025-04-30 01:56:50,371 - WARNING - Failed to parse a job card: table jobs has no column named job_url
2025-04-30 01:56:50,506 - WARNING - Failed to parse a job card: table jobs has no column named job_url
2025-04-30 01:56:50,626 - WARNING - Failed to parse a job card: table jobs has no column named job_url
2025-04-30 01:56:50,743 - WARNING - Failed to parse a job card: table jobs has no column named job_url
2025-04-30 01:56:50,851 - WARNING - Failed to parse a job card: table jobs has no column named job_url
2025-04-30 01:56:50,957 - WARNING - Failed to parse a job card: table jobs has no column named job_url
2025-04-30 01:56:51,111 - WARNING - Failed to parse a job card: table jobs has no column named job_url
2025-04-30 01:56:51,214 - WARNING - Failed to parse a job card: table jobs has no column named job_url
2025-04-30 01:56:52,167 - INFO - Found 30 job articles.
2025-04-30 01:56:52,383 - WARNING - Failed to parse a job card: table jobs has no column named job_url
2025-04-30 01:56:52,487 - WARNING - Failed to parse a job card: table jobs has no column named job_url
2025-04-30 01:56:52,585 - WARNING - Failed to parse a job card: table jobs has no column named job_url
2025-04-30 01:56:52,711 - WARNING - Failed to parse a job card: table jobs has no column named job_url
2025-04-30 01:56:52,838 - WARNING - Failed to parse a job card: table jobs has no column named job_url
2025-04-30 01:56:53,052 - WARNING - Failed to parse a job card: table jobs has no column named job_url
2025-04-30 01:56:53,146 - WARNING - Failed to parse a job card: table jobs has no column named job_url
2025-04-30 01:56:53,244 - WARNING - Failed to parse a job card: table jobs has no column named job_url
2025-04-30 01:56:53,342 - WARNING - Failed to parse a job card: table jobs has no column named job_url
2025-04-30 01:56:53,542 - WARNING - Failed to parse a job card: table jobs has no column named job_url
2025-04-30 01:56:53,583 - INFO - Scraping ended. Total jobs scraped: 0
2025-04-30 01:56:53,801 - WARNING - Failed to parse a job card: table jobs has no column named job_url
2025-04-30 01:56:53,902 - WARNING - Failed to parse a job card: table jobs has no column named job_url
2025-04-30 01:56:53,996 - WARNING - Failed to parse a job card: table jobs has no column named job_url
2025-04-30 01:56:54,083 - WARNING - Failed to parse a job card: table jobs has no column named job_url
2025-04-30 01:56:54,179 - WARNING - Failed to parse a job card: table jobs has no column named job_url
2025-04-30 01:56:54,336 - WARNING - Failed to parse a job card: table jobs has no column named job_url
2025-04-30 01:56:54,472 - WARNING - Failed to parse a job card: table jobs has no column named job_url
2025-04-30 01:56:54,594 - WARNING - Failed to parse a job card: table jobs has no column named job_url
2025-04-30 01:56:54,702 - WARNING - Failed to parse a job card: table jobs has no column named job_url
2025-04-30 01:56:54,861 - WARNING - Failed to parse a job card: table jobs has no column named job_url
2025-04-30 01:56:55,077 - WARNING - Failed to parse a job card: table jobs has no column named job_url
2025-04-30 01:56:55,173 - WARNING - Failed to parse a job card: table jobs has no column named job_url
2025-04-30 01:56:55,295 - WARNING - Failed to parse a job card: table jobs has no column named job_url
2025-04-30 01:56:55,424 - WARNING - Failed to parse a job card: table jobs has no column named job_url
2025-04-30 01:56:55,547 - WARNING - Failed to parse a job card: table jobs has no column named job_url
2025-04-30 01:56:55,657 - WARNING - Failed to parse a job card: table jobs has no column named job_url
2025-04-30 01:56:55,784 - WARNING - Failed to parse a job card: table jobs has no column named job_url
2025-04-30 01:56:55,871 - WARNING - Failed to parse a job card: table jobs has no column named job_url
2025-04-30 01:56:55,978 - WARNING - Failed to parse a job card: table jobs has no column named job_url
2025-04-30 01:56:56,124 - WARNING - Failed to parse a job card: table jobs has no column named job_url
2025-04-30 01:56:58,471 - INFO - Scraping ended. Total jobs scraped: 0
2025-04-30 01:59:53,700 - INFO - Scraping started.
2025-04-30 01:59:58,610 - INFO - Scraping started.
2025-04-30 02:00:07,582 - INFO - Found 30 job articles.
2025-04-30 02:00:07,759 - WARNING - Failed to parse a job card: table jobs has no column named job_url
2025-04-30 02:00:07,839 - WARNING - Failed to parse a job card: table jobs has no column named job_url
2025-04-30 02:00:07,954 - WARNING - Failed to parse a job card: table jobs has no column named job_url
2025-04-30 02:00:08,053 - WARNING - Failed to parse a job card: table jobs has no column named job_url
2025-04-30 02:00:08,154 - WARNING - Failed to parse a job card: table jobs has no column named job_url
2025-04-30 02:00:08,283 - WARNING - Failed to parse a job card: table jobs has no column named job_url
2025-04-30 02:00:08,382 - WARNING - Failed to parse a job card: table jobs has no column named job_url
2025-04-30 02:00:08,465 - WARNING - Failed to parse a job card: table jobs has no column named job_url
2025-04-30 02:00:08,536 - WARNING - Failed to parse a job card: table jobs has no column named job_url
2025-04-30 02:00:08,594 - WARNING - Failed to parse a job card: table jobs has no column named job_url
2025-04-30 02:00:08,680 - WARNING - Failed to parse a job card: table jobs has no column named job_url
2025-04-30 02:00:08,767 - WARNING - Failed to parse a job card: table jobs has no column named job_url
2025-04-30 02:00:08,901 - WARNING - Failed to parse a job card: table jobs has no column named job_url
2025-04-30 02:00:09,027 - WARNING - Failed to parse a job card: table jobs has no column named job_url
2025-04-30 02:00:09,254 - WARNING - Failed to parse a job card: table jobs has no column named job_url
2025-04-30 02:00:09,584 - WARNING - Failed to parse a job card: table jobs has no column named job_url
2025-04-30 02:00:09,837 - WARNING - Failed to parse a job card: table jobs has no column named job_url
2025-04-30 02:00:09,970 - WARNING - Failed to parse a job card: table jobs has no column named job_url
2025-04-30 02:00:10,120 - WARNING - Failed to parse a job card: table jobs has no column named job_url
2025-04-30 02:00:10,218 - WARNING - Failed to parse a job card: table jobs has no column named job_url
2025-04-30 02:00:10,312 - WARNING - Failed to parse a job card: table jobs has no column named job_url
2025-04-30 02:00:10,398 - WARNING - Failed to parse a job card: table jobs has no column named job_url
2025-04-30 02:00:10,472 - WARNING - Failed to parse a job card: table jobs has no column named job_url
2025-04-30 02:00:10,547 - WARNING - Failed to parse a job card: table jobs has no column named job_url
2025-04-30 02:00:10,624 - WARNING - Failed to parse a job card: table jobs has no column named job_url
2025-04-30 02:00:10,741 - WARNING - Failed to parse a job card: table jobs has no column named job_url
2025-04-30 02:00:10,833 - WARNING - Failed to parse a job card: table jobs has no column named job_url
2025-04-30 02:00:10,909 - WARNING - Failed to parse a job card: table jobs has no column named job_url
2025-04-30 02:00:10,989 - WARNING - Failed to parse a job card: table jobs has no column named job_url
2025-04-30 02:00:11,068 - WARNING - Failed to parse a job card: table jobs has no column named job_url
2025-04-30 02:00:12,066 - INFO - Found 30 job articles.
2025-04-30 02:00:12,177 - WARNING - Failed to parse a job card: table jobs has no column named job_url
2025-04-30 02:00:12,245 - WARNING - Failed to parse a job card: table jobs has no column named job_url
2025-04-30 02:00:12,302 - WARNING - Failed to parse a job card: table jobs has no column named job_url
2025-04-30 02:00:12,386 - WARNING - Failed to parse a job card: table jobs has no column named job_url
2025-04-30 02:00:12,475 - WARNING - Failed to parse a job card: table jobs has no column named job_url
2025-04-30 02:00:12,552 - WARNING - Failed to parse a job card: table jobs has no column named job_url
2025-04-30 02:00:12,622 - WARNING - Failed to parse a job card: table jobs has no column named job_url
2025-04-30 02:00:12,698 - WARNING - Failed to parse a job card: table jobs has no column named job_url
2025-04-30 02:00:12,767 - WARNING - Failed to parse a job card: table jobs has no column named job_url
2025-04-30 02:00:12,858 - WARNING - Failed to parse a job card: table jobs has no column named job_url
2025-04-30 02:00:12,922 - WARNING - Failed to parse a job card: table jobs has no column named job_url
2025-04-30 02:00:12,985 - WARNING - Failed to parse a job card: table jobs has no column named job_url
2025-04-30 02:00:13,045 - WARNING - Failed to parse a job card: table jobs has no column named job_url
2025-04-30 02:00:13,112 - WARNING - Failed to parse a job card: table jobs has no column named job_url
2025-04-30 02:00:13,193 - INFO - Scraping ended. Total jobs scraped: 0
2025-04-30 02:00:13,218 - WARNING - Failed to parse a job card: table jobs has no column named job_url
2025-04-30 02:00:13,304 - WARNING - Failed to parse a job card: table jobs has no column named job_url
2025-04-30 02:00:13,365 - WARNING - Failed to parse a job card: table jobs has no column named job_url
2025-04-30 02:00:13,424 - WARNING - Failed to parse a job card: table jobs has no column named job_url
2025-04-30 02:00:13,468 - WARNING - Failed to parse a job card: table jobs has no column named job_url
2025-04-30 02:00:13,520 - WARNING - Failed to parse a job card: table jobs has no column named job_url
2025-04-30 02:00:13,584 - WARNING - Failed to parse a job card: table jobs has no column named job_url
2025-04-30 02:00:13,643 - WARNING - Failed to parse a job card: table jobs has no column named job_url
2025-04-30 02:00:13,688 - WARNING - Failed to parse a job card: table jobs has no column named job_url
2025-04-30 02:00:13,793 - WARNING - Failed to parse a job card: table jobs has no column named job_url
2025-04-30 02:00:13,853 - WARNING - Failed to parse a job card: table jobs has no column named job_url
2025-04-30 02:00:13,930 - WARNING - Failed to parse a job card: table jobs has no column named job_url
2025-04-30 02:00:13,987 - WARNING - Failed to parse a job card: table jobs has no column named job_url
2025-04-30 02:00:14,083 - WARNING - Failed to parse a job card: table jobs has no column named job_url
2025-04-30 02:00:14,150 - WARNING - Failed to parse a job card: table jobs has no column named job_url
2025-04-30 02:00:14,222 - WARNING - Failed to parse a job card: table jobs has no column named job_url
2025-04-30 02:00:16,337 - INFO - Scraping ended. Total jobs scraped: 0
2025-04-30 02:03:13,304 - INFO - Scraping started.
2025-04-30 02:03:16,449 - INFO - Scraping started.
2025-04-30 02:03:27,509 - INFO - Found 30 job articles.
2025-04-30 02:03:27,743 - WARNING - Failed to parse a job card: table jobs has no column named job_url
2025-04-30 02:03:27,913 - WARNING - Failed to parse a job card: table jobs has no column named job_url
2025-04-30 02:03:28,075 - WARNING - Failed to parse a job card: table jobs has no column named job_url
2025-04-30 02:03:28,180 - WARNING - Failed to parse a job card: table jobs has no column named job_url
2025-04-30 02:03:28,285 - WARNING - Failed to parse a job card: table jobs has no column named job_url
2025-04-30 02:03:28,442 - WARNING - Failed to parse a job card: table jobs has no column named job_url
2025-04-30 02:03:28,620 - WARNING - Failed to parse a job card: table jobs has no column named job_url
2025-04-30 02:03:28,742 - WARNING - Failed to parse a job card: table jobs has no column named job_url
2025-04-30 02:03:28,930 - WARNING - Failed to parse a job card: table jobs has no column named job_url
2025-04-30 02:03:29,105 - WARNING - Failed to parse a job card: table jobs has no column named job_url
2025-04-30 02:03:29,332 - WARNING - Failed to parse a job card: table jobs has no column named job_url
2025-04-30 02:03:29,550 - WARNING - Failed to parse a job card: table jobs has no column named job_url
2025-04-30 02:03:29,748 - WARNING - Failed to parse a job card: table jobs has no column named job_url
2025-04-30 02:03:29,867 - WARNING - Failed to parse a job card: table jobs has no column named job_url
2025-04-30 02:03:30,004 - WARNING - Failed to parse a job card: table jobs has no column named job_url
2025-04-30 02:03:30,101 - WARNING - Failed to parse a job card: table jobs has no column named job_url
2025-04-30 02:03:30,190 - WARNING - Failed to parse a job card: table jobs has no column named job_url
2025-04-30 02:03:30,421 - WARNING - Failed to parse a job card: table jobs has no column named job_url
2025-04-30 02:03:30,549 - WARNING - Failed to parse a job card: table jobs has no column named job_url
2025-04-30 02:03:30,674 - WARNING - Failed to parse a job card: table jobs has no column named job_url
2025-04-30 02:03:30,722 - INFO - Found 30 job articles.
2025-04-30 02:03:30,930 - WARNING - Failed to parse a job card: table jobs has no column named job_url
2025-04-30 02:03:30,987 - WARNING - Failed to parse a job card: table jobs has no column named job_url
2025-04-30 02:03:31,068 - WARNING - Failed to parse a job card: table jobs has no column named job_url
2025-04-30 02:03:31,151 - WARNING - Failed to parse a job card: table jobs has no column named job_url
2025-04-30 02:03:31,374 - WARNING - Failed to parse a job card: table jobs has no column named job_url
2025-04-30 02:03:31,501 - WARNING - Failed to parse a job card: table jobs has no column named job_url
2025-04-30 02:03:31,561 - WARNING - Failed to parse a job card: table jobs has no column named job_url
2025-04-30 02:03:31,644 - WARNING - Failed to parse a job card: table jobs has no column named job_url
2025-04-30 02:03:31,748 - WARNING - Failed to parse a job card: table jobs has no column named job_url
2025-04-30 02:03:31,826 - WARNING - Failed to parse a job card: table jobs has no column named job_url
2025-04-30 02:03:31,947 - WARNING - Failed to parse a job card: table jobs has no column named job_url
2025-04-30 02:03:31,970 - WARNING - Failed to parse a job card: table jobs has no column named job_url
2025-04-30 02:03:32,056 - WARNING - Failed to parse a job card: table jobs has no column named job_url
2025-04-30 02:03:32,089 - WARNING - Failed to parse a job card: table jobs has no column named job_url
2025-04-30 02:03:32,223 - WARNING - Failed to parse a job card: table jobs has no column named job_url
2025-04-30 02:03:32,247 - WARNING - Failed to parse a job card: table jobs has no column named job_url
2025-04-30 02:03:32,333 - WARNING - Failed to parse a job card: table jobs has no column named job_url
2025-04-30 02:03:32,363 - WARNING - Failed to parse a job card: table jobs has no column named job_url
2025-04-30 02:03:32,447 - WARNING - Failed to parse a job card: table jobs has no column named job_url
2025-04-30 02:03:32,492 - WARNING - Failed to parse a job card: table jobs has no column named job_url
2025-04-30 02:03:32,693 - WARNING - Failed to parse a job card: table jobs has no column named job_url
2025-04-30 02:03:32,817 - WARNING - Failed to parse a job card: table jobs has no column named job_url
2025-04-30 02:03:32,949 - WARNING - Failed to parse a job card: table jobs has no column named job_url
2025-04-30 02:03:33,076 - WARNING - Failed to parse a job card: table jobs has no column named job_url
2025-04-30 02:03:33,234 - WARNING - Failed to parse a job card: table jobs has no column named job_url
2025-04-30 02:03:33,335 - WARNING - Failed to parse a job card: table jobs has no column named job_url
2025-04-30 02:03:33,485 - WARNING - Failed to parse a job card: table jobs has no column named job_url
2025-04-30 02:03:33,613 - WARNING - Failed to parse a job card: table jobs has no column named job_url
2025-04-30 02:03:33,746 - WARNING - Failed to parse a job card: table jobs has no column named job_url
2025-04-30 02:03:33,830 - WARNING - Failed to parse a job card: table jobs has no column named job_url
2025-04-30 02:03:33,938 - WARNING - Failed to parse a job card: table jobs has no column named job_url
2025-04-30 02:03:34,104 - WARNING - Failed to parse a job card: table jobs has no column named job_url
2025-04-30 02:03:34,214 - WARNING - Failed to parse a job card: table jobs has no column named job_url
2025-04-30 02:03:34,350 - WARNING - Failed to parse a job card: table jobs has no column named job_url
2025-04-30 02:03:34,446 - WARNING - Failed to parse a job card: table jobs has no column named job_url
2025-04-30 02:03:34,526 - WARNING - Failed to parse a job card: table jobs has no column named job_url
2025-04-30 02:03:34,619 - WARNING - Failed to parse a job card: table jobs has no column named job_url
2025-04-30 02:03:34,724 - WARNING - Failed to parse a job card: table jobs has no column named job_url
2025-04-30 02:03:34,774 - INFO - Scraping ended. Total jobs scraped: 0
2025-04-30 02:03:34,829 - WARNING - Failed to parse a job card: table jobs has no column named job_url
2025-04-30 02:03:34,971 - WARNING - Failed to parse a job card: table jobs has no column named job_url
2025-04-30 02:03:37,264 - INFO - Scraping ended. Total jobs scraped: 0
2025-04-30 02:06:34,884 - INFO - Scraping started.
2025-04-30 02:06:37,374 - INFO - Scraping started.
2025-04-30 02:06:51,189 - INFO - Found 30 job articles.
2025-04-30 02:06:51,303 - WARNING - Failed to parse a job card: table jobs has no column named job_url
2025-04-30 02:06:51,375 - WARNING - Failed to parse a job card: table jobs has no column named job_url
2025-04-30 02:06:51,436 - WARNING - Failed to parse a job card: table jobs has no column named job_url
2025-04-30 02:06:51,499 - WARNING - Failed to parse a job card: table jobs has no column named job_url
2025-04-30 02:06:51,559 - WARNING - Failed to parse a job card: table jobs has no column named job_url
2025-04-30 02:06:51,667 - WARNING - Failed to parse a job card: table jobs has no column named job_url
2025-04-30 02:06:51,731 - WARNING - Failed to parse a job card: table jobs has no column named job_url
2025-04-30 02:06:51,868 - WARNING - Failed to parse a job card: table jobs has no column named job_url
2025-04-30 02:06:52,014 - WARNING - Failed to parse a job card: table jobs has no column named job_url
2025-04-30 02:06:52,055 - INFO - Found 30 job articles.
2025-04-30 02:06:52,176 - WARNING - Failed to parse a job card: table jobs has no column named job_url
2025-04-30 02:06:52,246 - WARNING - Failed to parse a job card: table jobs has no column named job_url
2025-04-30 02:06:52,290 - WARNING - Failed to parse a job card: table jobs has no column named job_url
2025-04-30 02:06:52,349 - WARNING - Failed to parse a job card: table jobs has no column named job_url
2025-04-30 02:06:52,390 - WARNING - Failed to parse a job card: table jobs has no column named job_url
2025-04-30 02:06:52,432 - WARNING - Failed to parse a job card: table jobs has no column named job_url
2025-04-30 02:06:52,463 - WARNING - Failed to parse a job card: table jobs has no column named job_url
2025-04-30 02:06:52,490 - WARNING - Failed to parse a job card: table jobs has no column named job_url
2025-04-30 02:06:52,521 - WARNING - Failed to parse a job card: table jobs has no column named job_url
2025-04-30 02:06:52,552 - WARNING - Failed to parse a job card: table jobs has no column named job_url
2025-04-30 02:06:52,602 - WARNING - Failed to parse a job card: table jobs has no column named job_url
2025-04-30 02:06:52,640 - WARNING - Failed to parse a job card: table jobs has no column named job_url
2025-04-30 02:06:52,680 - WARNING - Failed to parse a job card: table jobs has no column named job_url
2025-04-30 02:06:52,711 - WARNING - Failed to parse a job card: table jobs has no column named job_url
2025-04-30 02:06:52,739 - WARNING - Failed to parse a job card: table jobs has no column named job_url
2025-04-30 02:06:52,773 - WARNING - Failed to parse a job card: table jobs has no column named job_url
2025-04-30 02:06:52,811 - WARNING - Failed to parse a job card: table jobs has no column named job_url
2025-04-30 02:06:52,842 - WARNING - Failed to parse a job card: table jobs has no column named job_url
2025-04-30 02:06:52,867 - WARNING - Failed to parse a job card: table jobs has no column named job_url
2025-04-30 02:06:52,906 - WARNING - Failed to parse a job card: table jobs has no column named job_url
2025-04-30 02:06:52,939 - WARNING - Failed to parse a job card: table jobs has no column named job_url
2025-04-30 02:06:52,998 - WARNING - Failed to parse a job card: table jobs has no column named job_url
2025-04-30 02:06:53,030 - WARNING - Failed to parse a job card: table jobs has no column named job_url
2025-04-30 02:06:53,075 - WARNING - Failed to parse a job card: table jobs has no column named job_url
2025-04-30 02:06:53,096 - WARNING - Failed to parse a job card: table jobs has no column named job_url
2025-04-30 02:06:53,143 - WARNING - Failed to parse a job card: table jobs has no column named job_url
2025-04-30 02:06:53,177 - WARNING - Failed to parse a job card: table jobs has no column named job_url
2025-04-30 02:06:53,215 - WARNING - Failed to parse a job card: table jobs has no column named job_url
2025-04-30 02:06:53,242 - WARNING - Failed to parse a job card: table jobs has no column named job_url
2025-04-30 02:06:53,285 - WARNING - Failed to parse a job card: table jobs has no column named job_url
2025-04-30 02:06:53,323 - WARNING - Failed to parse a job card: table jobs has no column named job_url
2025-04-30 02:06:53,381 - WARNING - Failed to parse a job card: table jobs has no column named job_url
2025-04-30 02:06:53,406 - WARNING - Failed to parse a job card: table jobs has no column named job_url
2025-04-30 02:06:53,472 - WARNING - Failed to parse a job card: table jobs has no column named job_url
2025-04-30 02:06:53,505 - WARNING - Failed to parse a job card: table jobs has no column named job_url
2025-04-30 02:06:53,545 - WARNING - Failed to parse a job card: table jobs has no column named job_url
2025-04-30 02:06:53,575 - WARNING - Failed to parse a job card: table jobs has no column named job_url
2025-04-30 02:06:53,609 - WARNING - Failed to parse a job card: table jobs has no column named job_url
2025-04-30 02:06:53,639 - WARNING - Failed to parse a job card: table jobs has no column named job_url
2025-04-30 02:06:53,680 - WARNING - Failed to parse a job card: table jobs has no column named job_url
2025-04-30 02:06:53,710 - WARNING - Failed to parse a job card: table jobs has no column named job_url
2025-04-30 02:06:53,755 - WARNING - Failed to parse a job card: table jobs has no column named job_url
2025-04-30 02:06:53,832 - WARNING - Failed to parse a job card: table jobs has no column named job_url
2025-04-30 02:06:53,891 - WARNING - Failed to parse a job card: table jobs has no column named job_url
2025-04-30 02:06:53,963 - WARNING - Failed to parse a job card: table jobs has no column named job_url
2025-04-30 02:06:54,033 - WARNING - Failed to parse a job card: table jobs has no column named job_url
2025-04-30 02:06:54,081 - WARNING - Failed to parse a job card: table jobs has no column named job_url
2025-04-30 02:06:54,131 - WARNING - Failed to parse a job card: table jobs has no column named job_url
2025-04-30 02:06:54,182 - WARNING - Failed to parse a job card: table jobs has no column named job_url
2025-04-30 02:06:54,232 - WARNING - Failed to parse a job card: table jobs has no column named job_url
2025-04-30 02:06:54,305 - WARNING - Failed to parse a job card: table jobs has no column named job_url
2025-04-30 02:06:55,878 - INFO - Scraping ended. Total jobs scraped: 0
2025-04-30 02:06:56,463 - INFO - Scraping ended. Total jobs scraped: 0
2025-04-30 02:09:55,983 - INFO - Scraping started.
2025-04-30 02:09:56,623 - INFO - Scraping started.
2025-04-30 02:10:12,286 - INFO - Found 30 job articles.
2025-04-30 02:10:12,407 - WARNING - Failed to parse a job card: table jobs has no column named job_url
2025-04-30 02:10:12,500 - WARNING - Failed to parse a job card: table jobs has no column named job_url
2025-04-30 02:10:12,500 - INFO - Found 30 job articles.
2025-04-30 02:10:12,597 - WARNING - Failed to parse a job card: table jobs has no column named job_url
2025-04-30 02:10:12,616 - WARNING - Failed to parse a job card: table jobs has no column named job_url
2025-04-30 02:10:12,673 - WARNING - Failed to parse a job card: table jobs has no column named job_url
2025-04-30 02:10:12,702 - WARNING - Failed to parse a job card: table jobs has no column named job_url
2025-04-30 02:10:12,755 - WARNING - Failed to parse a job card: table jobs has no column named job_url
2025-04-30 02:10:12,789 - WARNING - Failed to parse a job card: table jobs has no column named job_url
2025-04-30 02:10:12,873 - WARNING - Failed to parse a job card: table jobs has no column named job_url
2025-04-30 02:10:12,935 - WARNING - Failed to parse a job card: table jobs has no column named job_url
2025-04-30 02:10:13,072 - WARNING - Failed to parse a job card: table jobs has no column named job_url
2025-04-30 02:10:13,122 - WARNING - Failed to parse a job card: table jobs has no column named job_url
2025-04-30 02:10:13,253 - WARNING - Failed to parse a job card: table jobs has no column named job_url
2025-04-30 02:10:13,274 - WARNING - Failed to parse a job card: table jobs has no column named job_url
2025-04-30 02:10:13,352 - WARNING - Failed to parse a job card: table jobs has no column named job_url
2025-04-30 02:10:13,378 - WARNING - Failed to parse a job card: table jobs has no column named job_url
2025-04-30 02:10:13,491 - WARNING - Failed to parse a job card: table jobs has no column named job_url
2025-04-30 02:10:13,524 - WARNING - Failed to parse a job card: table jobs has no column named job_url
2025-04-30 02:10:13,574 - WARNING - Failed to parse a job card: table jobs has no column named job_url
2025-04-30 02:10:13,600 - WARNING - Failed to parse a job card: table jobs has no column named job_url
2025-04-30 02:10:13,649 - WARNING - Failed to parse a job card: table jobs has no column named job_url
2025-04-30 02:10:13,678 - WARNING - Failed to parse a job card: table jobs has no column named job_url
2025-04-30 02:10:13,720 - WARNING - Failed to parse a job card: table jobs has no column named job_url
2025-04-30 02:10:13,757 - WARNING - Failed to parse a job card: table jobs has no column named job_url
2025-04-30 02:10:13,808 - WARNING - Failed to parse a job card: table jobs has no column named job_url
2025-04-30 02:10:13,842 - WARNING - Failed to parse a job card: table jobs has no column named job_url
2025-04-30 02:10:13,894 - WARNING - Failed to parse a job card: table jobs has no column named job_url
2025-04-30 02:10:13,913 - WARNING - Failed to parse a job card: table jobs has no column named job_url
2025-04-30 02:10:13,968 - WARNING - Failed to parse a job card: table jobs has no column named job_url
2025-04-30 02:10:14,001 - WARNING - Failed to parse a job card: table jobs has no column named job_url
2025-04-30 02:10:14,048 - WARNING - Failed to parse a job card: table jobs has no column named job_url
2025-04-30 02:10:14,076 - WARNING - Failed to parse a job card: table jobs has no column named job_url
2025-04-30 02:10:14,123 - WARNING - Failed to parse a job card: table jobs has no column named job_url
2025-04-30 02:10:14,151 - WARNING - Failed to parse a job card: table jobs has no column named job_url
2025-04-30 02:10:14,219 - WARNING - Failed to parse a job card: table jobs has no column named job_url
2025-04-30 02:10:14,240 - WARNING - Failed to parse a job card: table jobs has no column named job_url
2025-04-30 02:10:14,352 - WARNING - Failed to parse a job card: table jobs has no column named job_url
2025-04-30 02:10:14,390 - WARNING - Failed to parse a job card: table jobs has no column named job_url
2025-04-30 02:10:14,504 - WARNING - Failed to parse a job card: table jobs has no column named job_url
2025-04-30 02:10:14,556 - WARNING - Failed to parse a job card: table jobs has no column named job_url
2025-04-30 02:10:14,658 - WARNING - Failed to parse a job card: table jobs has no column named job_url
2025-04-30 02:10:14,721 - WARNING - Failed to parse a job card: table jobs has no column named job_url
2025-04-30 02:10:14,864 - WARNING - Failed to parse a job card: table jobs has no column named job_url
2025-04-30 02:10:14,922 - WARNING - Failed to parse a job card: table jobs has no column named job_url
2025-04-30 02:10:14,968 - WARNING - Failed to parse a job card: table jobs has no column named job_url
2025-04-30 02:10:15,027 - WARNING - Failed to parse a job card: table jobs has no column named job_url
2025-04-30 02:10:15,072 - WARNING - Failed to parse a job card: table jobs has no column named job_url
2025-04-30 02:10:15,133 - WARNING - Failed to parse a job card: table jobs has no column named job_url
2025-04-30 02:10:15,171 - WARNING - Failed to parse a job card: table jobs has no column named job_url
2025-04-30 02:10:15,207 - WARNING - Failed to parse a job card: table jobs has no column named job_url
2025-04-30 02:10:15,241 - WARNING - Failed to parse a job card: table jobs has no column named job_url
2025-04-30 02:10:15,305 - WARNING - Failed to parse a job card: table jobs has no column named job_url
2025-04-30 02:10:15,353 - WARNING - Failed to parse a job card: table jobs has no column named job_url
2025-04-30 02:10:15,398 - WARNING - Failed to parse a job card: table jobs has no column named job_url
2025-04-30 02:10:15,447 - WARNING - Failed to parse a job card: table jobs has no column named job_url
2025-04-30 02:10:15,507 - WARNING - Failed to parse a job card: table jobs has no column named job_url
2025-04-30 02:10:15,572 - WARNING - Failed to parse a job card: table jobs has no column named job_url
2025-04-30 02:10:15,658 - WARNING - Failed to parse a job card: table jobs has no column named job_url
2025-04-30 02:10:15,799 - WARNING - Failed to parse a job card: table jobs has no column named job_url
2025-04-30 02:10:15,904 - WARNING - Failed to parse a job card: table jobs has no column named job_url
2025-04-30 02:10:17,807 - INFO - Scraping ended. Total jobs scraped: 0
2025-04-30 02:10:18,086 - INFO - Scraping ended. Total jobs scraped: 0
2025-04-30 02:10:42,570 - INFO -  * Detected change in 'H:\\Mini-Project\\backend\\app.py', reloading
2025-04-30 02:11:03,869 - INFO -  * Restarting with stat
2025-04-30 02:11:06,203 - INFO - Scheduler started.
2025-04-30 02:11:06,304 - WARNING -  * Debugger is active!
2025-04-30 02:11:06,313 - INFO -  * Debugger PIN: 140-782-711
2025-04-30 02:11:22,465 - INFO -  * Detected change in 'H:\\Mini-Project\\backend\\app.py', reloading
2025-04-30 02:11:22,631 - INFO -  * Restarting with stat
2025-04-30 02:11:23,950 - INFO - Scheduler started.
2025-04-30 02:11:24,018 - WARNING -  * Debugger is active!
2025-04-30 02:11:24,022 - INFO -  * Debugger PIN: 140-782-711
2025-04-30 02:11:53,822 - INFO - Scheduler started.
2025-04-30 02:11:53,875 - INFO - [31m[1mWARNING: This is a development server. Do not use it in a production deployment. Use a production WSGI server instead.[0m
 * Running on http://127.0.0.1:5000
2025-04-30 02:11:53,876 - INFO - [33mPress CTRL+C to quit[0m
2025-04-30 02:11:53,878 - INFO -  * Restarting with stat
2025-04-30 02:11:54,401 - INFO - Scheduler started.
2025-04-30 02:11:54,418 - WARNING -  * Debugger is active!
2025-04-30 02:11:54,420 - INFO -  * Debugger PIN: 140-782-711
2025-04-30 02:13:50,995 - INFO - 127.0.0.1 - - [30/Apr/2025 02:13:50] "GET /jobs HTTP/1.1" 200 -
2025-04-30 02:13:53,879 - INFO - 127.0.0.1 - - [30/Apr/2025 02:13:53] "GET /jobs HTTP/1.1" 200 -
2025-04-30 02:14:40,262 - INFO -  * Detected change in 'H:\\Mini-Project\\backend\\app.py', reloading
2025-04-30 02:14:40,373 - INFO -  * Restarting with stat
2025-04-30 02:14:41,279 - INFO - Scheduler started.
2025-04-30 02:14:41,300 - WARNING -  * Debugger is active!
2025-04-30 02:14:41,302 - INFO -  * Debugger PIN: 140-782-711
2025-04-30 02:14:43,331 - INFO -  * Detected change in 'H:\\Mini-Project\\backend\\app.py', reloading
2025-04-30 02:14:43,434 - INFO -  * Restarting with stat
2025-04-30 02:14:44,128 - INFO - Scheduler started.
2025-04-30 02:14:44,155 - WARNING -  * Debugger is active!
2025-04-30 02:14:44,157 - INFO -  * Debugger PIN: 140-782-711
2025-04-30 02:14:45,175 - INFO -  * Detected change in 'H:\\Mini-Project\\backend\\app.py', reloading
2025-04-30 02:14:45,234 - INFO -  * Restarting with stat
2025-04-30 02:14:45,992 - INFO - Scheduler started.
2025-04-30 02:14:46,008 - WARNING -  * Debugger is active!
2025-04-30 02:14:46,010 - INFO -  * Debugger PIN: 140-782-711
2025-04-30 02:14:53,916 - INFO - Scraping started.
2025-04-30 02:15:06,920 - INFO - Found 30 job articles.
2025-04-30 02:15:11,213 - INFO - Scraping ended. Total jobs scraped: 30
2025-04-30 02:15:46,027 - INFO - Scraping started.
2025-04-30 02:15:59,222 - INFO - Found 30 job articles.
2025-04-30 02:16:03,967 - INFO - Scraping ended. Total jobs scraped: 30
2025-04-30 02:16:17,381 - INFO -  * Detected change in 'H:\\Mini-Project\\backend\\app.py', reloading
2025-04-30 02:16:21,524 - INFO -  * Restarting with stat
2025-04-30 02:16:22,032 - INFO - Scheduler started.
2025-04-30 02:16:22,051 - WARNING -  * Debugger is active!
2025-04-30 02:16:22,053 - INFO -  * Debugger PIN: 140-782-711
2025-04-30 02:18:11,320 - INFO - Scraping started.
2025-04-30 02:18:25,535 - INFO - Found 30 job articles.
2025-04-30 02:18:29,812 - INFO - Scraping ended. Total jobs scraped: 30
2025-04-30 02:24:48,944 - INFO - Scraping started.
2025-04-30 02:24:48,980 - INFO - Scraping started.
2025-04-30 02:25:24,953 - INFO - Found 30 job articles.
2025-04-30 02:25:26,898 - INFO - Found 30 job articles.
2025-04-30 03:10:04,079 - WARNING - Retrying (Retry(total=2, connect=None, read=None, redirect=None, status=None)) after connection broken by 'ReadTimeoutError("HTTPConnectionPool(host='localhost', port=56962): Read timed out. (read timeout=120)")': /session/fc1b5de48fba7857a032dceba1b8ef4e/element/f.B84CA9225BDCA340AF19C598187E809E.d.A32B3444D01F18A01FC58A36D386A1DB.e.399/text
2025-04-30 03:10:06,200 - WARNING - Failed to parse job card: Message: invalid session id
Stacktrace:
	GetHandleVerifier [0x00007FF66E41EFA5+77893]
	GetHandleVerifier [0x00007FF66E41F000+77984]
	(No symbol) [0x00007FF66E1E8FEC]
	(No symbol) [0x00007FF66E22F44F]
	(No symbol) [0x00007FF66E266FF2]
	(No symbol) [0x00007FF66E261A02]
	(No symbol) [0x00007FF66E260AC9]
	(No symbol) [0x00007FF66E1B5AB5]
	GetHandleVerifier [0x00007FF66E6D7B6D+2931725]
	GetHandleVerifier [0x00007FF66E6D2132+2908626]
	GetHandleVerifier [0x00007FF66E6F00F3+3031443]
	GetHandleVerifier [0x00007FF66E4391EA+184970]
	GetHandleVerifier [0x00007FF66E44086F+215311]
	(No symbol) [0x00007FF66E1B4B2C]
	GetHandleVerifier [0x00007FF66E7E2518+4023736]
	BaseThreadInitThunk [0x00007FFB33C8E8D7+23]
	RtlUserThreadStart [0x00007FFB34EF197C+44]

2025-04-30 03:10:06,221 - WARNING - Failed to parse job card: Message: invalid session id
Stacktrace:
	GetHandleVerifier [0x00007FF66E41EFA5+77893]
	GetHandleVerifier [0x00007FF66E41F000+77984]
	(No symbol) [0x00007FF66E1E8FEC]
	(No symbol) [0x00007FF66E22F44F]
	(No symbol) [0x00007FF66E266FF2]
	(No symbol) [0x00007FF66E261A02]
	(No symbol) [0x00007FF66E260AC9]
	(No symbol) [0x00007FF66E1B5AB5]
	GetHandleVerifier [0x00007FF66E6D7B6D+2931725]
	GetHandleVerifier [0x00007FF66E6D2132+2908626]
	GetHandleVerifier [0x00007FF66E6F00F3+3031443]
	GetHandleVerifier [0x00007FF66E4391EA+184970]
	GetHandleVerifier [0x00007FF66E44086F+215311]
	(No symbol) [0x00007FF66E1B4B2C]
	GetHandleVerifier [0x00007FF66E7E2518+4023736]
	BaseThreadInitThunk [0x00007FFB33C8E8D7+23]
	RtlUserThreadStart [0x00007FFB34EF197C+44]

2025-04-30 03:10:06,224 - WARNING - Failed to parse job card: Message: invalid session id
Stacktrace:
	GetHandleVerifier [0x00007FF66E41EFA5+77893]
	GetHandleVerifier [0x00007FF66E41F000+77984]
	(No symbol) [0x00007FF66E1E8FEC]
	(No symbol) [0x00007FF66E22F44F]
	(No symbol) [0x00007FF66E266FF2]
	(No symbol) [0x00007FF66E261A02]
	(No symbol) [0x00007FF66E260AC9]
	(No symbol) [0x00007FF66E1B5AB5]
	GetHandleVerifier [0x00007FF66E6D7B6D+2931725]
	GetHandleVerifier [0x00007FF66E6D2132+2908626]
	GetHandleVerifier [0x00007FF66E6F00F3+3031443]
	GetHandleVerifier [0x00007FF66E4391EA+184970]
	GetHandleVerifier [0x00007FF66E44086F+215311]
	(No symbol) [0x00007FF66E1B4B2C]
	GetHandleVerifier [0x00007FF66E7E2518+4023736]
	BaseThreadInitThunk [0x00007FFB33C8E8D7+23]
	RtlUserThreadStart [0x00007FFB34EF197C+44]

2025-04-30 03:10:06,251 - WARNING - Failed to parse job card: Message: invalid session id
Stacktrace:
	GetHandleVerifier [0x00007FF66E41EFA5+77893]
	GetHandleVerifier [0x00007FF66E41F000+77984]
	(No symbol) [0x00007FF66E1E8FEC]
	(No symbol) [0x00007FF66E22F44F]
	(No symbol) [0x00007FF66E266FF2]
	(No symbol) [0x00007FF66E261A02]
	(No symbol) [0x00007FF66E260AC9]
	(No symbol) [0x00007FF66E1B5AB5]
	GetHandleVerifier [0x00007FF66E6D7B6D+2931725]
	GetHandleVerifier [0x00007FF66E6D2132+2908626]
	GetHandleVerifier [0x00007FF66E6F00F3+3031443]
	GetHandleVerifier [0x00007FF66E4391EA+184970]
	GetHandleVerifier [0x00007FF66E44086F+215311]
	(No symbol) [0x00007FF66E1B4B2C]
	GetHandleVerifier [0x00007FF66E7E2518+4023736]
	BaseThreadInitThunk [0x00007FFB33C8E8D7+23]
	RtlUserThreadStart [0x00007FFB34EF197C+44]

2025-04-30 03:10:06,255 - WARNING - Failed to parse job card: Message: invalid session id
Stacktrace:
	GetHandleVerifier [0x00007FF66E41EFA5+77893]
	GetHandleVerifier [0x00007FF66E41F000+77984]
	(No symbol) [0x00007FF66E1E8FEC]
	(No symbol) [0x00007FF66E22F44F]
	(No symbol) [0x00007FF66E266FF2]
	(No symbol) [0x00007FF66E261A02]
	(No symbol) [0x00007FF66E260AC9]
	(No symbol) [0x00007FF66E1B5AB5]
	GetHandleVerifier [0x00007FF66E6D7B6D+2931725]
	GetHandleVerifier [0x00007FF66E6D2132+2908626]
	GetHandleVerifier [0x00007FF66E6F00F3+3031443]
	GetHandleVerifier [0x00007FF66E4391EA+184970]
	GetHandleVerifier [0x00007FF66E44086F+215311]
	(No symbol) [0x00007FF66E1B4B2C]
	GetHandleVerifier [0x00007FF66E7E2518+4023736]
	BaseThreadInitThunk [0x00007FFB33C8E8D7+23]
	RtlUserThreadStart [0x00007FFB34EF197C+44]

2025-04-30 03:10:06,257 - WARNING - Failed to parse job card: Message: invalid session id
Stacktrace:
	GetHandleVerifier [0x00007FF66E41EFA5+77893]
	GetHandleVerifier [0x00007FF66E41F000+77984]
	(No symbol) [0x00007FF66E1E8FEC]
	(No symbol) [0x00007FF66E22F44F]
	(No symbol) [0x00007FF66E266FF2]
	(No symbol) [0x00007FF66E261A02]
	(No symbol) [0x00007FF66E260AC9]
	(No symbol) [0x00007FF66E1B5AB5]
	GetHandleVerifier [0x00007FF66E6D7B6D+2931725]
	GetHandleVerifier [0x00007FF66E6D2132+2908626]
	GetHandleVerifier [0x00007FF66E6F00F3+3031443]
	GetHandleVerifier [0x00007FF66E4391EA+184970]
	GetHandleVerifier [0x00007FF66E44086F+215311]
	(No symbol) [0x00007FF66E1B4B2C]
	GetHandleVerifier [0x00007FF66E7E2518+4023736]
	BaseThreadInitThunk [0x00007FFB33C8E8D7+23]
	RtlUserThreadStart [0x00007FFB34EF197C+44]

2025-04-30 03:10:06,261 - WARNING - Failed to parse job card: Message: invalid session id
Stacktrace:
	GetHandleVerifier [0x00007FF66E41EFA5+77893]
	GetHandleVerifier [0x00007FF66E41F000+77984]
	(No symbol) [0x00007FF66E1E8FEC]
	(No symbol) [0x00007FF66E22F44F]
	(No symbol) [0x00007FF66E266FF2]
	(No symbol) [0x00007FF66E261A02]
	(No symbol) [0x00007FF66E260AC9]
	(No symbol) [0x00007FF66E1B5AB5]
	GetHandleVerifier [0x00007FF66E6D7B6D+2931725]
	GetHandleVerifier [0x00007FF66E6D2132+2908626]
	GetHandleVerifier [0x00007FF66E6F00F3+3031443]
	GetHandleVerifier [0x00007FF66E4391EA+184970]
	GetHandleVerifier [0x00007FF66E44086F+215311]
	(No symbol) [0x00007FF66E1B4B2C]
	GetHandleVerifier [0x00007FF66E7E2518+4023736]
	BaseThreadInitThunk [0x00007FFB33C8E8D7+23]
	RtlUserThreadStart [0x00007FFB34EF197C+44]

2025-04-30 03:10:06,264 - WARNING - Failed to parse job card: Message: invalid session id
Stacktrace:
	GetHandleVerifier [0x00007FF66E41EFA5+77893]
	GetHandleVerifier [0x00007FF66E41F000+77984]
	(No symbol) [0x00007FF66E1E8FEC]
	(No symbol) [0x00007FF66E22F44F]
	(No symbol) [0x00007FF66E266FF2]
	(No symbol) [0x00007FF66E261A02]
	(No symbol) [0x00007FF66E260AC9]
	(No symbol) [0x00007FF66E1B5AB5]
	GetHandleVerifier [0x00007FF66E6D7B6D+2931725]
	GetHandleVerifier [0x00007FF66E6D2132+2908626]
	GetHandleVerifier [0x00007FF66E6F00F3+3031443]
	GetHandleVerifier [0x00007FF66E4391EA+184970]
	GetHandleVerifier [0x00007FF66E44086F+215311]
	(No symbol) [0x00007FF66E1B4B2C]
	GetHandleVerifier [0x00007FF66E7E2518+4023736]
	BaseThreadInitThunk [0x00007FFB33C8E8D7+23]
	RtlUserThreadStart [0x00007FFB34EF197C+44]

2025-04-30 03:10:06,267 - WARNING - Failed to parse job card: Message: invalid session id
Stacktrace:
	GetHandleVerifier [0x00007FF66E41EFA5+77893]
	GetHandleVerifier [0x00007FF66E41F000+77984]
	(No symbol) [0x00007FF66E1E8FEC]
	(No symbol) [0x00007FF66E22F44F]
	(No symbol) [0x00007FF66E266FF2]
	(No symbol) [0x00007FF66E261A02]
	(No symbol) [0x00007FF66E260AC9]
	(No symbol) [0x00007FF66E1B5AB5]
	GetHandleVerifier [0x00007FF66E6D7B6D+2931725]
	GetHandleVerifier [0x00007FF66E6D2132+2908626]
	GetHandleVerifier [0x00007FF66E6F00F3+3031443]
	GetHandleVerifier [0x00007FF66E4391EA+184970]
	GetHandleVerifier [0x00007FF66E44086F+215311]
	(No symbol) [0x00007FF66E1B4B2C]
	GetHandleVerifier [0x00007FF66E7E2518+4023736]
	BaseThreadInitThunk [0x00007FFB33C8E8D7+23]
	RtlUserThreadStart [0x00007FFB34EF197C+44]

2025-04-30 03:10:06,269 - WARNING - Failed to parse job card: Message: invalid session id
Stacktrace:
	GetHandleVerifier [0x00007FF66E41EFA5+77893]
	GetHandleVerifier [0x00007FF66E41F000+77984]
	(No symbol) [0x00007FF66E1E8FEC]
	(No symbol) [0x00007FF66E22F44F]
	(No symbol) [0x00007FF66E266FF2]
	(No symbol) [0x00007FF66E261A02]
	(No symbol) [0x00007FF66E260AC9]
	(No symbol) [0x00007FF66E1B5AB5]
	GetHandleVerifier [0x00007FF66E6D7B6D+2931725]
	GetHandleVerifier [0x00007FF66E6D2132+2908626]
	GetHandleVerifier [0x00007FF66E6F00F3+3031443]
	GetHandleVerifier [0x00007FF66E4391EA+184970]
	GetHandleVerifier [0x00007FF66E44086F+215311]
	(No symbol) [0x00007FF66E1B4B2C]
	GetHandleVerifier [0x00007FF66E7E2518+4023736]
	BaseThreadInitThunk [0x00007FFB33C8E8D7+23]
	RtlUserThreadStart [0x00007FFB34EF197C+44]

2025-04-30 03:10:06,273 - WARNING - Failed to parse job card: Message: invalid session id
Stacktrace:
	GetHandleVerifier [0x00007FF66E41EFA5+77893]
	GetHandleVerifier [0x00007FF66E41F000+77984]
	(No symbol) [0x00007FF66E1E8FEC]
	(No symbol) [0x00007FF66E22F44F]
	(No symbol) [0x00007FF66E266FF2]
	(No symbol) [0x00007FF66E261A02]
	(No symbol) [0x00007FF66E260AC9]
	(No symbol) [0x00007FF66E1B5AB5]
	GetHandleVerifier [0x00007FF66E6D7B6D+2931725]
	GetHandleVerifier [0x00007FF66E6D2132+2908626]
	GetHandleVerifier [0x00007FF66E6F00F3+3031443]
	GetHandleVerifier [0x00007FF66E4391EA+184970]
	GetHandleVerifier [0x00007FF66E44086F+215311]
	(No symbol) [0x00007FF66E1B4B2C]
	GetHandleVerifier [0x00007FF66E7E2518+4023736]
	BaseThreadInitThunk [0x00007FFB33C8E8D7+23]
	RtlUserThreadStart [0x00007FFB34EF197C+44]

2025-04-30 03:10:06,275 - WARNING - Failed to parse job card: Message: invalid session id
Stacktrace:
	GetHandleVerifier [0x00007FF66E41EFA5+77893]
	GetHandleVerifier [0x00007FF66E41F000+77984]
	(No symbol) [0x00007FF66E1E8FEC]
	(No symbol) [0x00007FF66E22F44F]
	(No symbol) [0x00007FF66E266FF2]
	(No symbol) [0x00007FF66E261A02]
	(No symbol) [0x00007FF66E260AC9]
	(No symbol) [0x00007FF66E1B5AB5]
	GetHandleVerifier [0x00007FF66E6D7B6D+2931725]
	GetHandleVerifier [0x00007FF66E6D2132+2908626]
	GetHandleVerifier [0x00007FF66E6F00F3+3031443]
	GetHandleVerifier [0x00007FF66E4391EA+184970]
	GetHandleVerifier [0x00007FF66E44086F+215311]
	(No symbol) [0x00007FF66E1B4B2C]
	GetHandleVerifier [0x00007FF66E7E2518+4023736]
	BaseThreadInitThunk [0x00007FFB33C8E8D7+23]
	RtlUserThreadStart [0x00007FFB34EF197C+44]

2025-04-30 03:10:06,278 - WARNING - Failed to parse job card: Message: invalid session id
Stacktrace:
	GetHandleVerifier [0x00007FF66E41EFA5+77893]
	GetHandleVerifier [0x00007FF66E41F000+77984]
	(No symbol) [0x00007FF66E1E8FEC]
	(No symbol) [0x00007FF66E22F44F]
	(No symbol) [0x00007FF66E266FF2]
	(No symbol) [0x00007FF66E261A02]
	(No symbol) [0x00007FF66E260AC9]
	(No symbol) [0x00007FF66E1B5AB5]
	GetHandleVerifier [0x00007FF66E6D7B6D+2931725]
	GetHandleVerifier [0x00007FF66E6D2132+2908626]
	GetHandleVerifier [0x00007FF66E6F00F3+3031443]
	GetHandleVerifier [0x00007FF66E4391EA+184970]
	GetHandleVerifier [0x00007FF66E44086F+215311]
	(No symbol) [0x00007FF66E1B4B2C]
	GetHandleVerifier [0x00007FF66E7E2518+4023736]
	BaseThreadInitThunk [0x00007FFB33C8E8D7+23]
	RtlUserThreadStart [0x00007FFB34EF197C+44]

2025-04-30 03:10:06,282 - WARNING - Failed to parse job card: Message: invalid session id
Stacktrace:
	GetHandleVerifier [0x00007FF66E41EFA5+77893]
	GetHandleVerifier [0x00007FF66E41F000+77984]
	(No symbol) [0x00007FF66E1E8FEC]
	(No symbol) [0x00007FF66E22F44F]
	(No symbol) [0x00007FF66E266FF2]
	(No symbol) [0x00007FF66E261A02]
	(No symbol) [0x00007FF66E260AC9]
	(No symbol) [0x00007FF66E1B5AB5]
	GetHandleVerifier [0x00007FF66E6D7B6D+2931725]
	GetHandleVerifier [0x00007FF66E6D2132+2908626]
	GetHandleVerifier [0x00007FF66E6F00F3+3031443]
	GetHandleVerifier [0x00007FF66E4391EA+184970]
	GetHandleVerifier [0x00007FF66E44086F+215311]
	(No symbol) [0x00007FF66E1B4B2C]
	GetHandleVerifier [0x00007FF66E7E2518+4023736]
	BaseThreadInitThunk [0x00007FFB33C8E8D7+23]
	RtlUserThreadStart [0x00007FFB34EF197C+44]

2025-04-30 03:10:06,325 - INFO - Scraping ended. Total jobs scraped: 30
2025-04-30 03:10:07,332 - INFO - Scraping started.
2025-04-30 03:10:08,616 - WARNING - There was an error managing chromedriver (error sending request for url (https://googlechromelabs.github.io/chrome-for-testing/known-good-versions-with-downloads.json)); using driver found in the cache
2025-04-30 03:10:08,616 - WARNING - Error sending stats to Plausible: error sending request for url (https://plausible.io/api/event)
2025-04-30 03:10:08,704 - INFO - Scraping ended. Total jobs scraped: 16
2025-04-30 07:37:11,600 - INFO - Scraping started.
2025-04-30 08:46:32,391 - INFO - Scheduler started.
2025-04-30 08:46:32,512 - INFO - [31m[1mWARNING: This is a development server. Do not use it in a production deployment. Use a production WSGI server instead.[0m
 * Running on http://127.0.0.1:5000
2025-04-30 08:46:32,512 - INFO - [33mPress CTRL+C to quit[0m
2025-04-30 08:46:32,515 - INFO -  * Restarting with stat
2025-04-30 08:46:33,270 - INFO - Scheduler started.
2025-04-30 08:46:33,298 - WARNING -  * Debugger is active!
2025-04-30 08:46:33,302 - INFO -  * Debugger PIN: 140-782-711
2025-04-30 08:48:04,015 - INFO - 127.0.0.1 - - [30/Apr/2025 08:48:04] "[33mGET / HTTP/1.1[0m" 404 -
2025-04-30 08:48:04,283 - INFO - 127.0.0.1 - - [30/Apr/2025 08:48:04] "[33mGET /favicon.ico HTTP/1.1[0m" 404 -
2025-04-30 08:48:12,540 - INFO - 127.0.0.1 - - [30/Apr/2025 08:48:12] "GET /jobs HTTP/1.1" 200 -
2025-04-30 08:49:26,277 - INFO - 127.0.0.1 - - [30/Apr/2025 08:49:26] "GET /jobs HTTP/1.1" 200 -
2025-04-30 08:49:27,434 - INFO - 127.0.0.1 - - [30/Apr/2025 08:49:27] "GET /jobs HTTP/1.1" 200 -
2025-04-30 08:49:28,234 - INFO - 127.0.0.1 - - [30/Apr/2025 08:49:28] "GET /jobs HTTP/1.1" 200 -
2025-04-30 08:49:32,512 - INFO - Scraping started.
2025-04-30 08:49:33,371 - INFO - Scraping started.
2025-04-30 08:49:49,393 - INFO - Found 30 job articles.
2025-04-30 08:49:52,410 - INFO - Found 30 job articles.
2025-04-30 08:49:55,579 - INFO - Scraping ended. Total jobs scraped: 30
2025-04-30 08:49:58,061 - INFO - Scraping ended. Total jobs scraped: 30
2025-04-30 08:52:12,262 - INFO - 127.0.0.1 - - [30/Apr/2025 08:52:12] "GET /jobs HTTP/1.1" 200 -
2025-04-30 08:52:12,462 - INFO - 127.0.0.1 - - [30/Apr/2025 08:52:12] "GET /jobs HTTP/1.1" 200 -
2025-04-30 08:52:12,588 - INFO - 127.0.0.1 - - [30/Apr/2025 08:52:12] "GET /jobs HTTP/1.1" 200 -
2025-04-30 08:52:41,802 - INFO - 127.0.0.1 - - [30/Apr/2025 08:52:41] "GET /jobs HTTP/1.1" 200 -
2025-04-30 08:52:41,963 - INFO - 127.0.0.1 - - [30/Apr/2025 08:52:41] "[33mGET /favicon.ico HTTP/1.1[0m" 404 -
2025-04-30 08:52:55,704 - INFO - Scraping started.
2025-04-30 08:52:58,179 - INFO - Scraping started.
2025-04-30 08:53:09,426 - INFO - Found 30 job articles.
2025-04-30 08:53:11,873 - INFO - Found 30 job articles.
2025-04-30 08:53:17,322 - INFO - Scraping ended. Total jobs scraped: 30
2025-04-30 08:53:20,211 - INFO - Scraping ended. Total jobs scraped: 30
2025-04-30 08:54:29,300 - INFO -  * Detected change in 'H:\\Mini-Project\\backend\\scraper.py', reloading
2025-04-30 08:54:37,979 - INFO -  * Restarting with stat
2025-04-30 08:54:38,935 - INFO - Scheduler started.
2025-04-30 08:54:38,977 - WARNING -  * Debugger is active!
2025-04-30 08:54:38,980 - INFO -  * Debugger PIN: 140-782-711
2025-04-30 08:54:39,441 - INFO - 127.0.0.1 - - [30/Apr/2025 08:54:39] "GET /jobs HTTP/1.1" 200 -
2025-04-30 08:54:39,686 - INFO - 127.0.0.1 - - [30/Apr/2025 08:54:39] "GET /jobs HTTP/1.1" 200 -
2025-04-30 08:54:39,749 - INFO - 127.0.0.1 - - [30/Apr/2025 08:54:39] "GET /jobs HTTP/1.1" 200 -
2025-04-30 08:56:10,564 - INFO -  * Detected change in 'H:\\Mini-Project\\backend\\scraper.py', reloading
2025-04-30 08:56:10,894 - INFO -  * Restarting with stat
2025-04-30 08:56:12,623 - INFO - Scheduler started.
2025-04-30 08:56:12,657 - WARNING -  * Debugger is active!
2025-04-30 08:56:12,661 - INFO -  * Debugger PIN: 140-782-711
2025-04-30 08:56:17,452 - INFO - Scraping started.
2025-04-30 08:56:31,511 - INFO - Found 30 job articles.
2025-04-30 08:56:40,642 - INFO - Scraping ended. Total jobs scraped: 30
2025-04-30 08:56:53,215 - INFO - 127.0.0.1 - - [30/Apr/2025 08:56:53] "GET /jobs HTTP/1.1" 200 -
2025-04-30 08:59:12,769 - INFO - Scraping started.
2025-04-30 08:59:13,597 - INFO - 127.0.0.1 - - [30/Apr/2025 08:59:13] "GET /jobs HTTP/1.1" 200 -
2025-04-30 08:59:13,823 - INFO - 127.0.0.1 - - [30/Apr/2025 08:59:13] "GET /jobs HTTP/1.1" 200 -
2025-04-30 08:59:13,915 - INFO - 127.0.0.1 - - [30/Apr/2025 08:59:13] "GET /jobs HTTP/1.1" 200 -
2025-04-30 08:59:25,517 - INFO - Found 30 job articles.
2025-04-30 08:59:31,606 - INFO - Scraping ended. Total jobs scraped: 30
2025-04-30 08:59:40,810 - INFO - Scraping started.
2025-04-30 08:59:53,249 - INFO - Found 30 job articles.
2025-04-30 08:59:58,893 - INFO - Scraping ended. Total jobs scraped: 30
2025-04-30 09:00:03,146 - INFO - 127.0.0.1 - - [30/Apr/2025 09:00:03] "GET /jobs HTTP/1.1" 200 -
2025-04-30 09:02:05,910 - INFO -  * Detected change in 'H:\\Mini-Project\\backend\\scraper.py', reloading
2025-04-30 09:02:10,252 - INFO -  * Restarting with stat
2025-04-30 09:02:11,367 - INFO - Scheduler started.
2025-04-30 09:02:11,413 - WARNING -  * Debugger is active!
2025-04-30 09:02:11,422 - INFO -  * Debugger PIN: 140-782-711
2025-04-30 09:02:13,462 - INFO - 127.0.0.1 - - [30/Apr/2025 09:02:13] "GET /jobs HTTP/1.1" 200 -
2025-04-30 09:02:21,911 - INFO - 127.0.0.1 - - [30/Apr/2025 09:02:21] "GET /jobs HTTP/1.1" 200 -
2025-04-30 09:02:22,178 - INFO - 127.0.0.1 - - [30/Apr/2025 09:02:22] "GET /jobs HTTP/1.1" 200 -
2025-04-30 09:02:22,223 - INFO - 127.0.0.1 - - [30/Apr/2025 09:02:22] "GET /jobs HTTP/1.1" 200 -
2025-04-30 09:02:58,999 - INFO - Scraping started.
2025-04-30 09:03:11,962 - INFO - Found 30 job articles.
2025-04-30 09:03:19,692 - INFO - Scraping ended. Total jobs scraped: 30
2025-04-30 09:05:11,496 - INFO - Scraping started.
2025-04-30 09:05:25,601 - INFO -  * Detected change in 'H:\\Mini-Project\\backend\\scraper.py', reloading
2025-04-30 09:05:26,020 - INFO -  * Restarting with stat
2025-04-30 09:05:27,488 - INFO - Scheduler started.
2025-04-30 09:05:27,531 - WARNING -  * Debugger is active!
2025-04-30 09:05:27,547 - INFO -  * Debugger PIN: 140-782-711
2025-04-30 09:05:39,113 - INFO - 127.0.0.1 - - [30/Apr/2025 09:05:39] "GET /jobs HTTP/1.1" 200 -
2025-04-30 09:05:39,367 - INFO - 127.0.0.1 - - [30/Apr/2025 09:05:39] "GET /jobs HTTP/1.1" 200 -
2025-04-30 09:05:39,427 - INFO - 127.0.0.1 - - [30/Apr/2025 09:05:39] "GET /jobs HTTP/1.1" 200 -
2025-04-30 09:11:17,503 - INFO - Scheduler started.
2025-04-30 09:11:17,565 - INFO - [31m[1mWARNING: This is a development server. Do not use it in a production deployment. Use a production WSGI server instead.[0m
 * Running on http://127.0.0.1:5000
2025-04-30 09:11:17,565 - INFO - [33mPress CTRL+C to quit[0m
2025-04-30 09:11:17,568 - INFO -  * Restarting with stat
2025-04-30 09:11:18,309 - INFO - Scheduler started.
2025-04-30 09:11:18,339 - WARNING -  * Debugger is active!
2025-04-30 09:11:18,343 - INFO -  * Debugger PIN: 140-782-711
2025-04-30 09:12:23,741 - INFO -  * Detected change in 'H:\\Mini-Project\\backend\\app.py', reloading
2025-04-30 09:12:23,867 - INFO -  * Restarting with stat
2025-04-30 09:12:24,967 - INFO - Scheduler started.
2025-04-30 09:12:25,000 - WARNING -  * Debugger is active!
2025-04-30 09:12:25,007 - INFO -  * Debugger PIN: 140-782-711
2025-04-30 09:12:33,066 - INFO -  * Detected change in 'H:\\Mini-Project\\backend\\app.py', reloading
2025-04-30 09:12:33,213 - INFO -  * Restarting with stat
2025-04-30 09:12:34,235 - INFO - Scheduler started.
2025-04-30 09:12:34,282 - WARNING -  * Debugger is active!
2025-04-30 09:12:34,289 - INFO -  * Debugger PIN: 140-782-711
2025-04-30 09:13:34,270 - INFO - Scraping started.
2025-04-30 09:13:46,940 - INFO - Found 30 job articles.
2025-04-30 09:13:52,624 - INFO - Scraping ended. Total jobs scraped: 30
2025-04-30 09:14:17,632 - INFO - Scraping started.
2025-04-30 09:14:30,328 - INFO - Found 30 job articles.
2025-04-30 09:14:36,180 - INFO - Scraping ended. Total jobs scraped: 30
2025-04-30 09:14:47,954 - INFO -  * Detected change in 'H:\\Mini-Project\\backend\\scraper.py', reloading
2025-04-30 09:14:52,203 - INFO -  * Restarting with stat
2025-04-30 09:14:53,448 - INFO - Scheduler started.
2025-04-30 09:14:53,476 - WARNING -  * Debugger is active!
2025-04-30 09:14:53,480 - INFO -  * Debugger PIN: 140-782-711
2025-04-30 09:15:08,586 - INFO -  * Detected change in 'H:\\Mini-Project\\backend\\scraper.py', reloading
2025-04-30 09:15:08,720 - INFO -  * Restarting with stat
2025-04-30 09:15:09,536 - INFO - Scheduler started.
2025-04-30 09:15:09,566 - WARNING -  * Debugger is active!
2025-04-30 09:15:09,569 - INFO -  * Debugger PIN: 140-782-711
2025-04-30 09:16:09,571 - INFO - Scraping started.
2025-04-30 09:16:31,029 - INFO - Found 30 job articles.
2025-04-30 09:16:37,662 - INFO - Scraping ended. Total jobs scraped: 30
2025-04-30 09:17:36,286 - INFO - Scraping started.
2025-04-30 09:17:37,701 - INFO - Scraping started.
2025-04-30 09:17:50,482 - INFO - Found 30 job articles.
2025-04-30 09:17:50,930 - INFO - Found 30 job articles.
2025-04-30 09:17:59,542 - INFO - Scraping ended. Total jobs scraped: 30
2025-04-30 09:17:59,861 - INFO - Scraping ended. Total jobs scraped: 30
2025-04-30 09:18:25,820 - INFO -  * Detected change in 'H:\\Mini-Project\\backend\\scraper.py', reloading
2025-04-30 09:18:34,216 - INFO -  * Restarting with stat
2025-04-30 09:18:35,379 - INFO - Scheduler started.
2025-04-30 09:18:35,416 - WARNING -  * Debugger is active!
2025-04-30 09:18:35,422 - INFO -  * Debugger PIN: 140-782-711
2025-04-30 09:18:46,881 - INFO - 127.0.0.1 - - [30/Apr/2025 09:18:46] "GET /jobs HTTP/1.1" 200 -
2025-04-30 09:18:57,435 - INFO - 127.0.0.1 - - [30/Apr/2025 09:18:57] "GET /jobs HTTP/1.1" 200 -
2025-04-30 09:18:57,683 - INFO - 127.0.0.1 - - [30/Apr/2025 09:18:57] "GET /jobs HTTP/1.1" 200 -
2025-04-30 09:18:57,760 - INFO - 127.0.0.1 - - [30/Apr/2025 09:18:57] "GET /jobs HTTP/1.1" 200 -
2025-04-30 09:19:11,214 - INFO - 127.0.0.1 - - [30/Apr/2025 09:19:11] "GET /jobs HTTP/1.1" 200 -
2025-04-30 09:19:35,417 - INFO - Scraping started.
2025-04-30 09:19:47,467 - INFO - Found 30 job articles.
2025-04-30 09:19:55,331 - INFO - Scraping ended. Total jobs scraped: 30
2025-04-30 09:20:55,369 - INFO - Scraping started.
2025-04-30 09:20:59,686 - INFO - Scraping started.
2025-04-30 09:21:07,912 - INFO - Found 30 job articles.
2025-04-30 09:21:11,141 - INFO - Found 30 job articles.
2025-04-30 09:21:16,431 - INFO - Scraping ended. Total jobs scraped: 30
2025-04-30 09:21:20,978 - INFO - Scraping ended. Total jobs scraped: 30
2025-04-30 09:22:16,491 - INFO - Scraping started.
2025-04-30 09:22:28,846 - INFO - Found 30 job articles.
2025-04-30 09:22:37,679 - INFO - Scraping ended. Total jobs scraped: 30
2025-04-30 09:23:31,791 - INFO - 127.0.0.1 - - [30/Apr/2025 09:23:31] "GET /jobs HTTP/1.1" 200 -
2025-04-30 09:23:31,802 - INFO - 127.0.0.1 - - [30/Apr/2025 09:23:31] "GET /jobs HTTP/1.1" 200 -
2025-04-30 09:23:31,813 - INFO - 127.0.0.1 - - [30/Apr/2025 09:23:31] "GET /jobs HTTP/1.1" 200 -
2025-04-30 09:23:37,737 - INFO - Scraping started.
2025-04-30 09:23:52,605 - INFO - Found 30 job articles.
2025-04-30 09:24:00,417 - INFO - Scraping ended. Total jobs scraped: 30
2025-04-30 09:24:21,152 - INFO - Scraping started.
2025-04-30 09:24:32,676 - INFO - Found 30 job articles.
2025-04-30 09:24:41,000 - INFO - Scraping ended. Total jobs scraped: 30
2025-04-30 09:25:00,453 - INFO - Scraping started.
2025-04-30 09:25:11,697 - INFO - Found 30 job articles.
2025-04-30 09:25:19,063 - INFO - Scraping ended. Total jobs scraped: 30
2025-04-30 09:26:19,104 - INFO - Scraping started.
2025-04-30 09:26:28,823 - INFO -  * Detected change in 'H:\\Mini-Project\\backend\\scraper.py', reloading
2025-04-30 09:26:49,814 - INFO -  * Restarting with stat
2025-04-30 09:26:50,956 - INFO - Scheduler started.
2025-04-30 09:26:50,993 - WARNING -  * Debugger is active!
2025-04-30 09:26:51,001 - INFO -  * Debugger PIN: 140-782-711
2025-04-30 09:27:24,902 - INFO - 127.0.0.1 - - [30/Apr/2025 09:27:24] "GET /jobs HTTP/1.1" 200 -
2025-04-30 09:27:24,910 - INFO - 127.0.0.1 - - [30/Apr/2025 09:27:24] "GET /jobs HTTP/1.1" 200 -
2025-04-30 09:27:24,924 - INFO - 127.0.0.1 - - [30/Apr/2025 09:27:24] "GET /jobs HTTP/1.1" 200 -
2025-04-30 09:27:32,472 - INFO - 127.0.0.1 - - [30/Apr/2025 09:27:32] "GET /jobs HTTP/1.1" 200 -
2025-04-30 09:27:33,643 - INFO - 127.0.0.1 - - [30/Apr/2025 09:27:33] "GET /jobs HTTP/1.1" 200 -
2025-04-30 09:27:34,328 - INFO - 127.0.0.1 - - [30/Apr/2025 09:27:34] "GET /jobs HTTP/1.1" 200 -
2025-04-30 09:27:41,159 - INFO - Scraping started.
2025-04-30 09:27:51,014 - INFO - Scraping started.
2025-04-30 09:27:55,852 - INFO - Found 30 job articles.
2025-04-30 09:28:02,533 - INFO - 127.0.0.1 - - [30/Apr/2025 09:28:02] "OPTIONS /jobs HTTP/1.1" 200 -
2025-04-30 09:28:03,335 - INFO - Found 30 job articles.
2025-04-30 09:28:04,428 - INFO - Scraping ended. Total jobs scraped: 30
2025-04-30 09:28:11,396 - INFO - Scraping ended. Total jobs scraped: 30
2025-04-30 09:28:49,816 - INFO -  * Detected change in 'H:\\Mini-Project\\backend\\scraper.py', reloading
2025-04-30 09:28:54,077 - INFO -  * Restarting with stat
2025-04-30 09:28:54,870 - INFO - Scheduler started.
2025-04-30 09:28:54,899 - WARNING -  * Debugger is active!
2025-04-30 09:28:54,902 - INFO -  * Debugger PIN: 140-782-711
2025-04-30 09:29:54,902 - INFO - Scraping started.
2025-04-30 09:29:56,343 - INFO - 127.0.0.1 - - [30/Apr/2025 09:29:56] "GET /jobs HTTP/1.1" 200 -
2025-04-30 09:29:56,349 - INFO - 127.0.0.1 - - [30/Apr/2025 09:29:56] "GET /jobs HTTP/1.1" 200 -
2025-04-30 09:29:56,368 - INFO - 127.0.0.1 - - [30/Apr/2025 09:29:56] "GET /jobs HTTP/1.1" 200 -
2025-04-30 09:30:09,837 - INFO - Found 30 job articles.
2025-04-30 09:30:19,086 - INFO - Scraping ended. Total jobs scraped: 30
2025-04-30 09:31:04,648 - INFO - Scraping started.
2025-04-30 09:31:07,705 - INFO -  * Detected change in 'H:\\Mini-Project\\backend\\scraper.py', reloading
2025-04-30 09:31:11,994 - INFO -  * Restarting with stat
2025-04-30 09:31:13,544 - INFO - Scheduler started.
2025-04-30 09:31:13,597 - WARNING -  * Debugger is active!
2025-04-30 09:31:13,604 - INFO -  * Debugger PIN: 140-782-711
2025-04-30 09:31:17,755 - INFO - Found 30 job articles.
2025-04-30 09:31:22,112 - INFO - 127.0.0.1 - - [30/Apr/2025 09:31:22] "GET /jobs HTTP/1.1" 200 -
2025-04-30 09:31:22,127 - INFO - 127.0.0.1 - - [30/Apr/2025 09:31:22] "GET /jobs HTTP/1.1" 200 -
2025-04-30 09:31:22,138 - INFO - 127.0.0.1 - - [30/Apr/2025 09:31:22] "GET /jobs HTTP/1.1" 200 -
2025-04-30 09:31:25,584 - INFO - Scraping ended. Total jobs scraped: 30
2025-04-30 09:31:26,961 - INFO - 127.0.0.1 - - [30/Apr/2025 09:31:26] "GET /jobs HTTP/1.1" 200 -
2025-04-30 09:31:26,969 - INFO - 127.0.0.1 - - [30/Apr/2025 09:31:26] "GET /jobs HTTP/1.1" 200 -
2025-04-30 09:31:26,975 - INFO - 127.0.0.1 - - [30/Apr/2025 09:31:26] "GET /jobs HTTP/1.1" 200 -
2025-04-30 09:31:39,848 - INFO - 127.0.0.1 - - [30/Apr/2025 09:31:39] "GET /jobs HTTP/1.1" 200 -
2025-04-30 09:32:03,859 - INFO - 127.0.0.1 - - [30/Apr/2025 09:32:03] "GET /jobs HTTP/1.1" 200 -
2025-04-30 09:32:13,697 - INFO - Scraping started.
2025-04-30 09:32:29,651 - INFO - Found 30 job articles.
2025-04-30 09:32:38,850 - INFO - Scraping ended. Total jobs scraped: 30
2025-04-30 09:33:38,956 - INFO - Scraping started.
2025-04-30 09:33:51,170 - INFO - Found 30 job articles.
2025-04-30 09:33:58,771 - INFO - Scraping ended. Total jobs scraped: 30
2025-04-30 09:34:26,079 - INFO - Scraping started.
2025-04-30 09:34:38,053 - INFO - Found 30 job articles.
2025-04-30 09:34:46,156 - INFO - Scraping ended. Total jobs scraped: 30
2025-04-30 09:34:58,861 - INFO - Scraping started.
2025-04-30 09:35:11,995 - INFO - Found 30 job articles.
2025-04-30 09:35:20,707 - INFO - Scraping ended. Total jobs scraped: 30
2025-04-30 09:35:32,755 - INFO - 127.0.0.1 - - [30/Apr/2025 09:35:32] "GET /jobs HTTP/1.1" 200 -
2025-04-30 09:35:32,768 - INFO - 127.0.0.1 - - [30/Apr/2025 09:35:32] "GET /jobs HTTP/1.1" 200 -
2025-04-30 09:35:32,785 - INFO - 127.0.0.1 - - [30/Apr/2025 09:35:32] "GET /jobs HTTP/1.1" 200 -
2025-04-30 09:35:41,904 - INFO - 127.0.0.1 - - [30/Apr/2025 09:35:41] "GET /jobs HTTP/1.1" 200 -
2025-04-30 09:36:20,836 - INFO - Scraping started.
2025-04-30 09:36:34,940 - INFO - Found 30 job articles.
2025-04-30 09:36:36,404 - INFO - 127.0.0.1 - - [30/Apr/2025 09:36:36] "GET /jobs HTTP/1.1" 200 -
2025-04-30 09:36:36,445 - INFO - 127.0.0.1 - - [30/Apr/2025 09:36:36] "GET /jobs HTTP/1.1" 200 -
2025-04-30 09:36:43,439 - INFO - Scraping ended. Total jobs scraped: 30
2025-04-30 09:36:44,649 - INFO - 127.0.0.1 - - [30/Apr/2025 09:36:44] "GET /jobs HTTP/1.1" 200 -
2025-04-30 09:37:43,579 - INFO - Scraping started.
2025-04-30 09:37:46,595 - INFO - Scraping started.
2025-04-30 09:37:55,919 - INFO - Found 30 job articles.
2025-04-30 09:37:59,578 - INFO - Found 30 job articles.
2025-04-30 09:38:02,043 - INFO - Scraping ended. Total jobs scraped: 30
2025-04-30 09:38:05,146 - INFO - Scraping ended. Total jobs scraped: 30
2025-04-30 09:38:36,584 - INFO -  * Detected change in 'H:\\Mini-Project\\backend\\scraper.py', reloading
2025-04-30 09:38:49,113 - INFO -  * Restarting with stat
2025-04-30 09:38:50,254 - INFO - Scheduler started.
2025-04-30 09:38:50,286 - WARNING -  * Debugger is active!
2025-04-30 09:38:50,290 - INFO -  * Debugger PIN: 140-782-711
2025-04-30 09:38:52,316 - INFO -  * Detected change in 'H:\\Mini-Project\\backend\\scraper.py', reloading
2025-04-30 09:38:52,470 - INFO -  * Restarting with stat
2025-04-30 09:38:53,818 - INFO - Scheduler started.
2025-04-30 09:38:53,875 - WARNING -  * Debugger is active!
2025-04-30 09:38:53,881 - INFO -  * Debugger PIN: 140-782-711
2025-04-30 09:38:54,905 - INFO -  * Detected change in 'H:\\Mini-Project\\backend\\scraper.py', reloading
2025-04-30 09:38:54,987 - INFO -  * Restarting with stat
2025-04-30 09:38:55,788 - INFO - Scheduler started.
2025-04-30 09:38:55,843 - WARNING -  * Debugger is active!
2025-04-30 09:38:55,848 - INFO -  * Debugger PIN: 140-782-711
2025-04-30 09:38:57,871 - INFO -  * Detected change in 'H:\\Mini-Project\\backend\\scraper.py', reloading
2025-04-30 09:38:57,967 - INFO -  * Restarting with stat
2025-04-30 09:38:58,860 - INFO - Scheduler started.
2025-04-30 09:38:58,890 - WARNING -  * Debugger is active!
2025-04-30 09:38:58,894 - INFO -  * Debugger PIN: 140-782-711
2025-04-30 09:39:20,027 - INFO -  * Detected change in 'H:\\Mini-Project\\backend\\scraper.py', reloading
2025-04-30 09:39:20,130 - INFO -  * Restarting with stat
2025-04-30 09:39:21,049 - INFO - Scheduler started.
2025-04-30 09:39:21,087 - WARNING -  * Debugger is active!
2025-04-30 09:39:21,091 - INFO -  * Debugger PIN: 140-782-711
2025-04-30 09:39:30,146 - INFO -  * Detected change in 'H:\\Mini-Project\\backend\\scraper.py', reloading
2025-04-30 09:39:30,316 - INFO -  * Restarting with stat
2025-04-30 09:39:31,880 - INFO - Scheduler started.
2025-04-30 09:39:31,921 - WARNING -  * Debugger is active!
2025-04-30 09:39:31,928 - INFO -  * Debugger PIN: 140-782-711
2025-04-30 09:39:49,022 - INFO -  * Detected change in 'H:\\Mini-Project\\backend\\scraper.py', reloading
2025-04-30 09:39:49,136 - INFO -  * Restarting with stat
2025-04-30 09:39:50,180 - INFO - Scheduler started.
2025-04-30 09:39:50,221 - WARNING -  * Debugger is active!
2025-04-30 09:39:50,229 - INFO -  * Debugger PIN: 140-782-711
2025-04-30 09:39:57,616 - INFO - 127.0.0.1 - - [30/Apr/2025 09:39:57] "GET /jobs HTTP/1.1" 200 -
2025-04-30 09:39:57,624 - INFO - 127.0.0.1 - - [30/Apr/2025 09:39:57] "GET /jobs HTTP/1.1" 200 -
2025-04-30 09:40:42,724 - INFO - 127.0.0.1 - - [30/Apr/2025 09:40:42] "GET /jobs HTTP/1.1" 200 -
2025-04-30 09:40:42,735 - INFO - 127.0.0.1 - - [30/Apr/2025 09:40:42] "GET /jobs HTTP/1.1" 200 -
2025-04-30 09:40:42,748 - INFO - 127.0.0.1 - - [30/Apr/2025 09:40:42] "GET /jobs HTTP/1.1" 200 -
2025-04-30 09:40:48,789 - INFO - 127.0.0.1 - - [30/Apr/2025 09:40:48] "GET /jobs HTTP/1.1" 200 -
2025-04-30 09:40:50,311 - INFO - Scraping started.
2025-04-30 09:41:02,048 - INFO - Found 30 job articles.
2025-04-30 09:41:05,321 - INFO - Scraping started.
2025-04-30 09:41:07,444 - INFO - Scraping ended. Total jobs scraped: 30
2025-04-30 09:41:17,156 - INFO - Found 30 job articles.
2025-04-30 09:41:22,436 - INFO - Scraping ended. Total jobs scraped: 30
2025-04-30 09:42:07,482 - INFO - Scraping started.
2025-04-30 09:42:20,557 - INFO - Found 30 job articles.
2025-04-30 09:42:26,313 - INFO - Scraping ended. Total jobs scraped: 30
2025-04-30 09:42:45,204 - INFO -  * Detected change in 'H:\\Mini-Project\\backend\\scraper.py', reloading
2025-04-30 09:42:53,541 - INFO -  * Restarting with stat
2025-04-30 09:42:54,576 - INFO - Scheduler started.
2025-04-30 09:42:54,612 - WARNING -  * Debugger is active!
2025-04-30 09:42:54,616 - INFO -  * Debugger PIN: 140-782-711
2025-04-30 09:43:54,622 - INFO - Scraping started.
2025-04-30 09:44:07,571 - INFO - Found 30 job articles.
2025-04-30 09:44:13,061 - INFO -  * Detected change in 'H:\\Mini-Project\\backend\\scraper.py', reloading
2025-04-30 09:44:13,253 - INFO -  * Restarting with stat
2025-04-30 09:44:14,417 - INFO - Scheduler started.
2025-04-30 09:44:14,452 - WARNING -  * Debugger is active!
2025-04-30 09:44:14,455 - INFO -  * Debugger PIN: 140-782-711
2025-04-30 09:44:22,631 - INFO - Scraping started.
2025-04-30 09:44:34,717 - INFO - Found 30 job articles.
2025-04-30 09:45:14,467 - INFO - Scraping started.
2025-04-30 09:45:20,864 - INFO - Scraping ended. Total jobs scraped: 30
2025-04-30 09:45:27,059 - INFO - Found 30 job articles.
2025-04-30 09:45:34,890 - INFO - Scraping ended. Total jobs scraped: 30
2025-04-30 09:46:10,292 - INFO -  * Detected change in 'H:\\Mini-Project\\backend\\app.py', reloading
2025-04-30 09:46:14,483 - INFO -  * Restarting with stat
WARNING:werkzeug: * Debugger is active!
INFO:werkzeug: * Debugger PIN: 140-782-711
INFO:werkzeug:127.0.0.1 - - [30/Apr/2025 09:47:01] "[35m[1mGET /jobs HTTP/1.1[0m" 500 -
INFO:werkzeug:127.0.0.1 - - [30/Apr/2025 09:47:01] "[35m[1mGET /jobs HTTP/1.1[0m" 500 -
INFO:werkzeug:127.0.0.1 - - [30/Apr/2025 09:47:01] "[35m[1mGET /jobs HTTP/1.1[0m" 500 -
INFO:werkzeug:127.0.0.1 - - [30/Apr/2025 09:47:06] "[35m[1mGET /jobs HTTP/1.1[0m" 500 -
INFO:werkzeug:127.0.0.1 - - [30/Apr/2025 09:47:06] "[36mGET /jobs?__debugger__=yes&cmd=resource&f=style.css HTTP/1.1[0m" 304 -
INFO:werkzeug:127.0.0.1 - - [30/Apr/2025 09:47:06] "[36mGET /jobs?__debugger__=yes&cmd=resource&f=debugger.js HTTP/1.1[0m" 304 -
INFO:werkzeug:127.0.0.1 - - [30/Apr/2025 09:47:06] "GET /jobs?__debugger__=yes&cmd=resource&f=console.png&s=b5P9EIjZ2LrSi2aJZsmi HTTP/1.1" 200 -
INFO:werkzeug:127.0.0.1 - - [30/Apr/2025 09:47:06] "[36mGET /jobs?__debugger__=yes&cmd=resource&f=console.png HTTP/1.1[0m" 304 -
INFO:werkzeug:[31m[1mWARNING: This is a development server. Do not use it in a production deployment. Use a production WSGI server instead.[0m
 * Running on all addresses (0.0.0.0)
 * Running on http://127.0.0.1:5000
 * Running on http://192.168.1.104:5000
INFO:werkzeug:[33mPress CTRL+C to quit[0m
INFO:werkzeug: * Restarting with stat
WARNING:werkzeug: * Debugger is active!
INFO:werkzeug: * Debugger PIN: 140-782-711
INFO:werkzeug: * Detected change in 'H:\\Mini-Project\\backend\\app.py', reloading
INFO:werkzeug: * Restarting with stat
WARNING:werkzeug: * Debugger is active!
INFO:werkzeug: * Debugger PIN: 140-782-711
INFO:root:Scraping started.
INFO:werkzeug:127.0.0.1 - - [30/Apr/2025 09:49:16] "[35m[1mGET /jobs HTTP/1.1[0m" 500 -
INFO:werkzeug:127.0.0.1 - - [30/Apr/2025 09:49:16] "[35m[1mGET /jobs HTTP/1.1[0m" 500 -
INFO:werkzeug:127.0.0.1 - - [30/Apr/2025 09:49:16] "[35m[1mGET /jobs HTTP/1.1[0m" 500 -
ERROR:root:Scraping failed: Working outside of application context.

This typically means that you attempted to use functionality that needed
the current application. To solve this, set up an application context
with app.app_context(). See the documentation for more information.
INFO:werkzeug:127.0.0.1 - - [30/Apr/2025 09:49:20] "[35m[1mGET /jobs HTTP/1.1[0m" 500 -
INFO:werkzeug:127.0.0.1 - - [30/Apr/2025 09:49:20] "[36mGET /jobs?__debugger__=yes&cmd=resource&f=debugger.js HTTP/1.1[0m" 304 -
INFO:werkzeug:127.0.0.1 - - [30/Apr/2025 09:49:21] "[36mGET /jobs?__debugger__=yes&cmd=resource&f=style.css HTTP/1.1[0m" 304 -
INFO:werkzeug:127.0.0.1 - - [30/Apr/2025 09:49:21] "GET /jobs?__debugger__=yes&cmd=resource&f=console.png&s=rwyhGcwhTo112LhGaJND HTTP/1.1" 200 -
INFO:werkzeug:127.0.0.1 - - [30/Apr/2025 09:49:21] "[36mGET /jobs?__debugger__=yes&cmd=resource&f=console.png HTTP/1.1[0m" 304 -
INFO:werkzeug:127.0.0.1 - - [30/Apr/2025 09:49:27] "[35m[1mGET /jobs HTTP/1.1[0m" 500 -
INFO:werkzeug:127.0.0.1 - - [30/Apr/2025 09:49:27] "[35m[1mGET /jobs HTTP/1.1[0m" 500 -
INFO:werkzeug:127.0.0.1 - - [30/Apr/2025 09:49:27] "[35m[1mGET /jobs HTTP/1.1[0m" 500 -
INFO:werkzeug:127.0.0.1 - - [30/Apr/2025 09:49:31] "[35m[1mGET /jobs HTTP/1.1[0m" 500 -
INFO:werkzeug:127.0.0.1 - - [30/Apr/2025 09:49:31] "[36mGET /jobs?__debugger__=yes&cmd=resource&f=style.css HTTP/1.1[0m" 304 -
INFO:werkzeug:127.0.0.1 - - [30/Apr/2025 09:49:31] "[36mGET /jobs?__debugger__=yes&cmd=resource&f=debugger.js HTTP/1.1[0m" 304 -
INFO:werkzeug:127.0.0.1 - - [30/Apr/2025 09:49:31] "GET /jobs?__debugger__=yes&cmd=resource&f=console.png&s=rwyhGcwhTo112LhGaJND HTTP/1.1" 200 -
INFO:werkzeug:127.0.0.1 - - [30/Apr/2025 09:49:32] "[36mGET /jobs?__debugger__=yes&cmd=resource&f=console.png HTTP/1.1[0m" 304 -
INFO:werkzeug:[31m[1mWARNING: This is a development server. Do not use it in a production deployment. Use a production WSGI server instead.[0m
 * Running on all addresses (0.0.0.0)
 * Running on http://127.0.0.1:5000
 * Running on http://192.168.1.104:5000
INFO:werkzeug:[33mPress CTRL+C to quit[0m
INFO:werkzeug: * Restarting with stat
WARNING:werkzeug: * Debugger is active!
INFO:werkzeug: * Debugger PIN: 140-782-711
INFO:root:Scraping started.
INFO:root:Scraping started.
ERROR:root:Scraping failed: Working outside of application context.

This typically means that you attempted to use functionality that needed
the current application. To solve this, set up an application context
with app.app_context(). See the documentation for more information.
ERROR:root:Scraping failed: Working outside of application context.

This typically means that you attempted to use functionality that needed
the current application. To solve this, set up an application context
with app.app_context(). See the documentation for more information.
INFO:werkzeug:127.0.0.1 - - [30/Apr/2025 09:51:30] "[35m[1mGET /jobs HTTP/1.1[0m" 500 -
INFO:werkzeug:127.0.0.1 - - [30/Apr/2025 09:51:31] "[36mGET /jobs?__debugger__=yes&cmd=resource&f=style.css HTTP/1.1[0m" 304 -
INFO:werkzeug:127.0.0.1 - - [30/Apr/2025 09:51:31] "[36mGET /jobs?__debugger__=yes&cmd=resource&f=debugger.js HTTP/1.1[0m" 304 -
INFO:werkzeug:127.0.0.1 - - [30/Apr/2025 09:51:31] "GET /jobs?__debugger__=yes&cmd=resource&f=console.png&s=7rqLqFoiQ1ull0Zq8iEO HTTP/1.1" 200 -
INFO:werkzeug:127.0.0.1 - - [30/Apr/2025 09:51:31] "[36mGET /jobs?__debugger__=yes&cmd=resource&f=console.png HTTP/1.1[0m" 304 -
INFO:werkzeug:127.0.0.1 - - [30/Apr/2025 09:51:33] "[35m[1mGET /jobs HTTP/1.1[0m" 500 -
INFO:werkzeug:127.0.0.1 - - [30/Apr/2025 09:51:33] "[36mGET /jobs?__debugger__=yes&cmd=resource&f=style.css HTTP/1.1[0m" 304 -
INFO:werkzeug:127.0.0.1 - - [30/Apr/2025 09:51:33] "[36mGET /jobs?__debugger__=yes&cmd=resource&f=debugger.js HTTP/1.1[0m" 304 -
INFO:werkzeug:127.0.0.1 - - [30/Apr/2025 09:51:33] "[36mGET /jobs?__debugger__=yes&cmd=resource&f=console.png&s=7rqLqFoiQ1ull0Zq8iEO HTTP/1.1[0m" 304 -
INFO:werkzeug:127.0.0.1 - - [30/Apr/2025 09:51:33] "[36mGET /jobs?__debugger__=yes&cmd=resource&f=console.png HTTP/1.1[0m" 304 -
INFO:werkzeug: * Detected change in 'H:\\Mini-Project\\backend\\app.py', reloading
INFO:werkzeug: * Restarting with stat
2025-04-30 09:52:07,103 - INFO - Scheduler started.
2025-04-30 09:52:07,133 - WARNING -  * Debugger is active!
2025-04-30 09:52:07,136 - INFO -  * Debugger PIN: 140-782-711
INFO:root:Scraping started.
ERROR:root:Scraping failed: Working outside of application context.

This typically means that you attempted to use functionality that needed
the current application. To solve this, set up an application context
with app.app_context(). See the documentation for more information.
2025-04-30 09:52:56,371 - INFO -  * Detected change in 'H:\\Mini-Project\\backend\\scraper.py', reloading
INFO:werkzeug: * Restarting with stat
2025-04-30 09:52:57,264 - INFO - Scheduler started.
2025-04-30 09:52:57,300 - WARNING -  * Debugger is active!
2025-04-30 09:52:57,303 - INFO -  * Debugger PIN: 140-782-711
2025-04-30 09:52:59,330 - INFO -  * Detected change in 'H:\\Mini-Project\\backend\\scraper.py', reloading
INFO:werkzeug: * Restarting with stat
2025-04-30 09:53:00,325 - INFO - Scheduler started.
2025-04-30 09:53:00,363 - WARNING -  * Debugger is active!
2025-04-30 09:53:00,365 - INFO -  * Debugger PIN: 140-782-711
2025-04-30 09:53:35,548 - INFO -  * Detected change in 'H:\\Mini-Project\\backend\\app.py', reloading
INFO:werkzeug: * Restarting with stat
2025-04-30 09:53:36,675 - INFO - Scheduler started.
2025-04-30 09:53:36,710 - WARNING -  * Debugger is active!
2025-04-30 09:53:36,713 - INFO -  * Debugger PIN: 140-782-711
INFO:root:Scraping started.
ERROR:root:Scraping failed: Working outside of application context.

This typically means that you attempted to use functionality that needed
the current application. To solve this, set up an application context
with app.app_context(). See the documentation for more information.
2025-04-30 09:54:04,842 - INFO -  * Detected change in 'H:\\Mini-Project\\backend\\app.py', reloading
INFO:werkzeug: * Restarting with stat
2025-04-30 09:54:05,779 - INFO - Scheduler started.
2025-04-30 09:54:05,809 - WARNING -  * Debugger is active!
2025-04-30 09:54:05,812 - INFO -  * Debugger PIN: 140-782-711
2025-04-30 09:54:08,846 - INFO -  * Detected change in 'H:\\Mini-Project\\backend\\app.py', reloading
INFO:werkzeug: * Restarting with stat
2025-04-30 09:54:09,828 - INFO - Scheduler started.
2025-04-30 09:54:09,874 - WARNING -  * Debugger is active!
2025-04-30 09:54:09,879 - INFO -  * Debugger PIN: 140-782-711
2025-04-30 09:54:24,962 - INFO -  * Detected change in 'H:\\Mini-Project\\backend\\app.py', reloading
INFO:werkzeug: * Restarting with stat
2025-04-30 09:54:25,913 - INFO - Scheduler started.
2025-04-30 09:54:25,957 - WARNING -  * Debugger is active!
2025-04-30 09:54:25,960 - INFO -  * Debugger PIN: 140-782-711
2025-04-30 09:54:44,062 - INFO -  * Detected change in 'H:\\Mini-Project\\backend\\app.py', reloading
INFO:werkzeug: * Restarting with stat
2025-04-30 09:54:45,206 - INFO - Scheduler started.
2025-04-30 09:54:45,241 - WARNING -  * Debugger is active!
2025-04-30 09:54:45,244 - INFO -  * Debugger PIN: 140-782-711
2025-04-30 09:54:49,278 - INFO -  * Detected change in 'H:\\Mini-Project\\backend\\scraper.py', reloading
INFO:werkzeug: * Restarting with stat
2025-04-30 09:54:50,205 - INFO - Scheduler started.
2025-04-30 09:54:50,232 - WARNING -  * Debugger is active!
2025-04-30 09:54:50,235 - INFO -  * Debugger PIN: 140-782-711
INFO:root:Scraping started.
ERROR:root:Scraping failed: Working outside of application context.

This typically means that you attempted to use functionality that needed
the current application. To solve this, set up an application context
with app.app_context(). See the documentation for more information.
2025-04-30 09:55:50,238 - INFO - Scraping started.
2025-04-30 09:56:01,523 - INFO - Found 30 job articles.
INFO:root:Scraping started.
2025-04-30 09:56:11,334 - INFO - Scraping ended. Total jobs scraped: 30
ERROR:root:Scraping failed: Working outside of application context.

This typically means that you attempted to use functionality that needed
the current application. To solve this, set up an application context
with app.app_context(). See the documentation for more information.
2025-04-30 09:57:11,391 - INFO - Scraping started.
2025-04-30 09:57:23,712 - INFO - Found 30 job articles.
INFO:root:Scraping started.
2025-04-30 09:57:29,092 - INFO - Scraping ended. Total jobs scraped: 30
ERROR:root:Scraping failed: Working outside of application context.

This typically means that you attempted to use functionality that needed
the current application. To solve this, set up an application context
with app.app_context(). See the documentation for more information.
2025-04-30 09:58:29,132 - INFO - Scraping started.
INFO:root:Scraping started.
2025-04-30 09:58:41,267 - INFO - Found 30 job articles.
2025-04-30 09:58:46,805 - INFO - Scraping ended. Total jobs scraped: 30
ERROR:root:Scraping failed: Working outside of application context.

This typically means that you attempted to use functionality that needed
the current application. To solve this, set up an application context
with app.app_context(). See the documentation for more information.
2025-04-30 09:59:46,838 - INFO - Scraping started.
INFO:root:Scraping started.
2025-04-30 09:59:59,773 - INFO - Found 30 job articles.
2025-04-30 10:00:52,530 - INFO - Scheduler started.
2025-04-30 10:00:52,604 - INFO - [31m[1mWARNING: This is a development server. Do not use it in a production deployment. Use a production WSGI server instead.[0m
 * Running on http://127.0.0.1:5000
2025-04-30 10:00:52,604 - INFO - [33mPress CTRL+C to quit[0m
2025-04-30 10:00:52,606 - INFO -  * Restarting with stat
2025-04-30 10:00:53,237 - INFO - Scheduler started.
2025-04-30 10:00:53,263 - WARNING -  * Debugger is active!
2025-04-30 10:00:53,266 - INFO -  * Debugger PIN: 140-782-711
2025-04-30 10:01:52,562 - INFO - Scraping started.
2025-04-30 10:01:53,269 - INFO - Scraping started.
2025-04-30 10:02:06,649 - INFO - Found 30 job articles.
2025-04-30 10:02:07,420 - INFO - Found 30 job articles.
2025-04-30 10:02:12,282 - INFO - Scraping ended. Total jobs scraped: 30
2025-04-30 10:02:12,810 - INFO - Scraping ended. Total jobs scraped: 30
2025-04-30 10:03:08,860 - INFO -  * Detected change in 'H:\\Mini-Project\\backend\\app.py', reloading
2025-04-30 10:03:12,314 - INFO - Scraping started.
2025-04-30 10:03:13,080 - INFO -  * Restarting with stat
2025-04-30 10:03:14,367 - INFO - Scheduler started.
2025-04-30 10:03:14,397 - WARNING -  * Debugger is active!
2025-04-30 10:03:14,400 - INFO -  * Debugger PIN: 140-782-711
2025-04-30 10:03:24,530 - INFO - Found 30 job articles.
2025-04-30 10:03:33,877 - INFO - Scraping ended. Total jobs scraped: 30
2025-04-30 10:03:34,526 - INFO -  * Detected change in 'H:\\Mini-Project\\backend\\app.py', reloading
2025-04-30 10:03:34,636 - INFO -  * Restarting with stat
2025-04-30 10:03:35,453 - INFO - Scheduler started.
2025-04-30 10:03:35,485 - WARNING -  * Debugger is active!
2025-04-30 10:03:35,490 - INFO -  * Debugger PIN: 140-782-711
2025-04-30 10:04:33,909 - INFO - Scraping started.
2025-04-30 10:04:35,485 - INFO - Scraping started.
2025-04-30 10:04:46,586 - INFO - Found 30 job articles.
2025-04-30 10:04:47,677 - INFO - Found 30 job articles.
2025-04-30 10:04:53,197 - INFO - Scraping ended. Total jobs scraped: 30
2025-04-30 10:04:54,105 - INFO - Scraping ended. Total jobs scraped: 30
2025-04-30 10:05:53,226 - INFO - Scraping started.
2025-04-30 10:05:54,137 - INFO - Scraping started.
2025-04-30 10:06:06,846 - INFO - Found 30 job articles.
2025-04-30 10:06:13,255 - INFO - Found 30 job articles.
2025-04-30 10:06:14,758 - INFO - Scraping ended. Total jobs scraped: 30
2025-04-30 10:06:20,197 - INFO - Scraping ended. Total jobs scraped: 30
2025-04-30 10:07:14,802 - INFO - Scraping started.
2025-04-30 10:07:20,237 - INFO - Scraping started.
2025-04-30 10:07:28,197 - INFO - Found 30 job articles.
2025-04-30 10:07:33,658 - INFO - Found 30 job articles.
2025-04-30 10:07:37,573 - INFO - Scraping ended. Total jobs scraped: 30
2025-04-30 10:07:42,177 - INFO - Scraping ended. Total jobs scraped: 30
2025-04-30 10:08:35,218 - INFO -  * Detected change in 'H:\\Mini-Project\\backend\\app.py', reloading
2025-04-30 10:08:42,215 - INFO - Scraping started.
2025-04-30 10:08:47,775 - INFO -  * Restarting with stat
2025-04-30 10:08:49,265 - INFO - Scheduler started.
2025-04-30 10:08:49,327 - WARNING -  * Debugger is active!
2025-04-30 10:08:49,333 - INFO -  * Debugger PIN: 140-782-711
2025-04-30 10:08:55,377 - INFO - Found 30 job articles.
2025-04-30 10:09:24,952 - INFO - Scraping ended. Total jobs scraped: 30
2025-04-30 10:09:40,713 - INFO -  * Detected change in 'H:\\Mini-Project\\backend\\app.py', reloading
2025-04-30 10:09:40,844 - INFO -  * Restarting with stat
2025-04-30 10:09:41,835 - INFO - Scheduler started.
2025-04-30 10:09:41,867 - WARNING -  * Debugger is active!
2025-04-30 10:09:41,872 - INFO -  * Debugger PIN: 140-782-711
2025-04-30 10:09:44,907 - INFO -  * Detected change in 'H:\\Mini-Project\\backend\\app.py', reloading
2025-04-30 10:09:45,130 - INFO -  * Restarting with stat
2025-04-30 10:09:46,383 - INFO - Scheduler started.
2025-04-30 10:09:46,423 - WARNING -  * Debugger is active!
2025-04-30 10:09:46,428 - INFO -  * Debugger PIN: 140-782-711
2025-04-30 10:10:08,589 - INFO -  * Detected change in 'H:\\Mini-Project\\backend\\app.py', reloading
2025-04-30 10:10:08,744 - INFO -  * Restarting with stat
2025-04-30 10:10:10,117 - INFO - Scheduler started.
2025-04-30 10:10:10,163 - WARNING -  * Debugger is active!
2025-04-30 10:10:10,166 - INFO -  * Debugger PIN: 140-782-711
2025-04-30 10:10:24,994 - INFO - Scraping started.
2025-04-30 10:10:29,342 - INFO -  * Detected change in 'H:\\Mini-Project\\backend\\app.py', reloading
2025-04-30 10:10:29,475 - INFO -  * Restarting with stat
2025-04-30 10:10:30,684 - INFO - Scheduler started.
2025-04-30 10:10:30,736 - WARNING -  * Debugger is active!
2025-04-30 10:10:30,742 - INFO -  * Debugger PIN: 140-782-711
2025-04-30 10:10:39,122 - INFO - Found 30 job articles.
2025-04-30 10:10:45,912 - INFO - Scraping ended. Total jobs scraped: 30
2025-04-30 10:11:30,721 - INFO - Scraping started.
2025-04-30 10:11:42,630 - INFO - Found 30 job articles.
2025-04-30 10:11:45,959 - INFO - Scraping started.
2025-04-30 10:11:50,909 - INFO - Scraping ended. Total jobs scraped: 30
2025-04-30 10:11:58,748 - INFO - Found 30 job articles.
2025-04-30 10:12:06,839 - INFO - Scraping ended. Total jobs scraped: 30
2025-04-30 10:12:31,585 - INFO -  * Detected change in 'H:\\Mini-Project\\backend\\app.py', reloading
2025-04-30 10:12:35,841 - INFO -  * Restarting with stat
2025-04-30 10:14:51,467 - INFO - Scheduler started.
2025-04-30 10:14:51,529 - INFO - [31m[1mWARNING: This is a development server. Do not use it in a production deployment. Use a production WSGI server instead.[0m
 * Running on http://127.0.0.1:5000
2025-04-30 10:14:51,530 - INFO - [33mPress CTRL+C to quit[0m
2025-04-30 10:14:51,532 - INFO -  * Restarting with stat
2025-04-30 10:14:52,740 - INFO - Scheduler started.
2025-04-30 10:14:52,768 - WARNING -  * Debugger is active!
2025-04-30 10:14:52,773 - INFO -  * Debugger PIN: 140-782-711
2025-04-30 10:15:51,503 - INFO - Scraping started.
2025-04-30 10:15:52,772 - INFO - Scraping started.
2025-04-30 10:16:04,751 - WARNING - Failed to parse job card: Working outside of application context.

This typically means that you attempted to use functionality that needed
the current application. To solve this, set up an application context
with app.app_context(). See the documentation for more information.
2025-04-30 10:16:04,781 - WARNING - Failed to parse job card: Working outside of application context.

This typically means that you attempted to use functionality that needed
the current application. To solve this, set up an application context
with app.app_context(). See the documentation for more information.
2025-04-30 10:16:04,997 - WARNING - Failed to parse job card: Working outside of application context.

This typically means that you attempted to use functionality that needed
the current application. To solve this, set up an application context
with app.app_context(). See the documentation for more information.
2025-04-30 10:16:05,061 - WARNING - Failed to parse job card: Working outside of application context.

This typically means that you attempted to use functionality that needed
the current application. To solve this, set up an application context
with app.app_context(). See the documentation for more information.
2025-04-30 10:16:05,232 - WARNING - Failed to parse job card: Working outside of application context.

This typically means that you attempted to use functionality that needed
the current application. To solve this, set up an application context
with app.app_context(). See the documentation for more information.
2025-04-30 10:16:05,257 - WARNING - Failed to parse job card: Working outside of application context.

This typically means that you attempted to use functionality that needed
the current application. To solve this, set up an application context
with app.app_context(). See the documentation for more information.
2025-04-30 10:16:05,371 - WARNING - Failed to parse job card: Working outside of application context.

This typically means that you attempted to use functionality that needed
the current application. To solve this, set up an application context
with app.app_context(). See the documentation for more information.
2025-04-30 10:16:05,401 - WARNING - Failed to parse job card: Working outside of application context.

This typically means that you attempted to use functionality that needed
the current application. To solve this, set up an application context
with app.app_context(). See the documentation for more information.
2025-04-30 10:16:05,494 - WARNING - Failed to parse job card: Working outside of application context.

This typically means that you attempted to use functionality that needed
the current application. To solve this, set up an application context
with app.app_context(). See the documentation for more information.
2025-04-30 10:16:05,519 - WARNING - Failed to parse job card: Working outside of application context.

This typically means that you attempted to use functionality that needed
the current application. To solve this, set up an application context
with app.app_context(). See the documentation for more information.
2025-04-30 10:16:05,602 - WARNING - Failed to parse job card: Working outside of application context.

This typically means that you attempted to use functionality that needed
the current application. To solve this, set up an application context
with app.app_context(). See the documentation for more information.
2025-04-30 10:16:05,623 - WARNING - Failed to parse job card: Working outside of application context.

This typically means that you attempted to use functionality that needed
the current application. To solve this, set up an application context
with app.app_context(). See the documentation for more information.
2025-04-30 10:16:05,696 - WARNING - Failed to parse job card: Working outside of application context.

This typically means that you attempted to use functionality that needed
the current application. To solve this, set up an application context
with app.app_context(). See the documentation for more information.
2025-04-30 10:16:05,724 - WARNING - Failed to parse job card: Working outside of application context.

This typically means that you attempted to use functionality that needed
the current application. To solve this, set up an application context
with app.app_context(). See the documentation for more information.
2025-04-30 10:16:05,818 - WARNING - Failed to parse job card: Working outside of application context.

This typically means that you attempted to use functionality that needed
the current application. To solve this, set up an application context
with app.app_context(). See the documentation for more information.
2025-04-30 10:16:05,847 - WARNING - Failed to parse job card: Working outside of application context.

This typically means that you attempted to use functionality that needed
the current application. To solve this, set up an application context
with app.app_context(). See the documentation for more information.
2025-04-30 10:16:05,944 - WARNING - Failed to parse job card: Working outside of application context.

This typically means that you attempted to use functionality that needed
the current application. To solve this, set up an application context
with app.app_context(). See the documentation for more information.
2025-04-30 10:16:05,975 - WARNING - Failed to parse job card: Working outside of application context.

This typically means that you attempted to use functionality that needed
the current application. To solve this, set up an application context
with app.app_context(). See the documentation for more information.
2025-04-30 10:16:06,062 - WARNING - Failed to parse job card: Working outside of application context.

This typically means that you attempted to use functionality that needed
the current application. To solve this, set up an application context
with app.app_context(). See the documentation for more information.
2025-04-30 10:16:06,097 - WARNING - Failed to parse job card: Working outside of application context.

This typically means that you attempted to use functionality that needed
the current application. To solve this, set up an application context
with app.app_context(). See the documentation for more information.
2025-04-30 10:16:06,164 - WARNING - Failed to parse job card: Working outside of application context.

This typically means that you attempted to use functionality that needed
the current application. To solve this, set up an application context
with app.app_context(). See the documentation for more information.
2025-04-30 10:16:06,214 - WARNING - Failed to parse job card: Working outside of application context.

This typically means that you attempted to use functionality that needed
the current application. To solve this, set up an application context
with app.app_context(). See the documentation for more information.
2025-04-30 10:16:06,274 - WARNING - Failed to parse job card: Working outside of application context.

This typically means that you attempted to use functionality that needed
the current application. To solve this, set up an application context
with app.app_context(). See the documentation for more information.
2025-04-30 10:16:06,333 - WARNING - Failed to parse job card: Working outside of application context.

This typically means that you attempted to use functionality that needed
the current application. To solve this, set up an application context
with app.app_context(). See the documentation for more information.
2025-04-30 10:16:06,410 - WARNING - Failed to parse job card: Working outside of application context.

This typically means that you attempted to use functionality that needed
the current application. To solve this, set up an application context
with app.app_context(). See the documentation for more information.
2025-04-30 10:16:06,501 - WARNING - Failed to parse job card: Working outside of application context.

This typically means that you attempted to use functionality that needed
the current application. To solve this, set up an application context
with app.app_context(). See the documentation for more information.
2025-04-30 10:16:06,572 - WARNING - Failed to parse job card: Working outside of application context.

This typically means that you attempted to use functionality that needed
the current application. To solve this, set up an application context
with app.app_context(). See the documentation for more information.
2025-04-30 10:16:06,631 - WARNING - Failed to parse job card: Working outside of application context.

This typically means that you attempted to use functionality that needed
the current application. To solve this, set up an application context
with app.app_context(). See the documentation for more information.
2025-04-30 10:16:06,693 - WARNING - Failed to parse job card: Working outside of application context.

This typically means that you attempted to use functionality that needed
the current application. To solve this, set up an application context
with app.app_context(). See the documentation for more information.
2025-04-30 10:16:06,800 - WARNING - Failed to parse job card: Working outside of application context.

This typically means that you attempted to use functionality that needed
the current application. To solve this, set up an application context
with app.app_context(). See the documentation for more information.
2025-04-30 10:16:06,846 - WARNING - Failed to parse job card: Working outside of application context.

This typically means that you attempted to use functionality that needed
the current application. To solve this, set up an application context
with app.app_context(). See the documentation for more information.
2025-04-30 10:16:06,941 - WARNING - Failed to parse job card: Working outside of application context.

This typically means that you attempted to use functionality that needed
the current application. To solve this, set up an application context
with app.app_context(). See the documentation for more information.
2025-04-30 10:16:06,971 - WARNING - Failed to parse job card: Working outside of application context.

This typically means that you attempted to use functionality that needed
the current application. To solve this, set up an application context
with app.app_context(). See the documentation for more information.
2025-04-30 10:16:07,113 - WARNING - Failed to parse job card: Working outside of application context.

This typically means that you attempted to use functionality that needed
the current application. To solve this, set up an application context
with app.app_context(). See the documentation for more information.
2025-04-30 10:16:07,130 - WARNING - Failed to parse job card: Working outside of application context.

This typically means that you attempted to use functionality that needed
the current application. To solve this, set up an application context
with app.app_context(). See the documentation for more information.
2025-04-30 10:16:07,482 - WARNING - Failed to parse job card: Working outside of application context.

This typically means that you attempted to use functionality that needed
the current application. To solve this, set up an application context
with app.app_context(). See the documentation for more information.
2025-04-30 10:16:07,523 - WARNING - Failed to parse job card: Working outside of application context.

This typically means that you attempted to use functionality that needed
the current application. To solve this, set up an application context
with app.app_context(). See the documentation for more information.
2025-04-30 10:16:07,995 - WARNING - Failed to parse job card: Working outside of application context.

This typically means that you attempted to use functionality that needed
the current application. To solve this, set up an application context
with app.app_context(). See the documentation for more information.
2025-04-30 10:16:08,031 - WARNING - Failed to parse job card: Working outside of application context.

This typically means that you attempted to use functionality that needed
the current application. To solve this, set up an application context
with app.app_context(). See the documentation for more information.
2025-04-30 10:16:08,281 - WARNING - Failed to parse job card: Working outside of application context.

This typically means that you attempted to use functionality that needed
the current application. To solve this, set up an application context
with app.app_context(). See the documentation for more information.
2025-04-30 10:16:08,334 - WARNING - Failed to parse job card: Working outside of application context.

This typically means that you attempted to use functionality that needed
the current application. To solve this, set up an application context
with app.app_context(). See the documentation for more information.
2025-04-30 10:16:08,611 - WARNING - Failed to parse job card: Working outside of application context.

This typically means that you attempted to use functionality that needed
the current application. To solve this, set up an application context
with app.app_context(). See the documentation for more information.
2025-04-30 10:16:08,641 - WARNING - Failed to parse job card: Working outside of application context.

This typically means that you attempted to use functionality that needed
the current application. To solve this, set up an application context
with app.app_context(). See the documentation for more information.
2025-04-30 10:16:08,821 - WARNING - Failed to parse job card: Working outside of application context.

This typically means that you attempted to use functionality that needed
the current application. To solve this, set up an application context
with app.app_context(). See the documentation for more information.
2025-04-30 10:16:08,866 - WARNING - Failed to parse job card: Working outside of application context.

This typically means that you attempted to use functionality that needed
the current application. To solve this, set up an application context
with app.app_context(). See the documentation for more information.
2025-04-30 10:16:08,962 - WARNING - Failed to parse job card: Working outside of application context.

This typically means that you attempted to use functionality that needed
the current application. To solve this, set up an application context
with app.app_context(). See the documentation for more information.
2025-04-30 10:16:09,060 - WARNING - Failed to parse job card: Working outside of application context.

This typically means that you attempted to use functionality that needed
the current application. To solve this, set up an application context
with app.app_context(). See the documentation for more information.
2025-04-30 10:16:09,126 - WARNING - Failed to parse job card: Working outside of application context.

This typically means that you attempted to use functionality that needed
the current application. To solve this, set up an application context
with app.app_context(). See the documentation for more information.
2025-04-30 10:16:09,208 - WARNING - Failed to parse job card: Working outside of application context.

This typically means that you attempted to use functionality that needed
the current application. To solve this, set up an application context
with app.app_context(). See the documentation for more information.
2025-04-30 10:16:09,257 - WARNING - Failed to parse job card: Working outside of application context.

This typically means that you attempted to use functionality that needed
the current application. To solve this, set up an application context
with app.app_context(). See the documentation for more information.
2025-04-30 10:16:09,344 - WARNING - Failed to parse job card: Working outside of application context.

This typically means that you attempted to use functionality that needed
the current application. To solve this, set up an application context
with app.app_context(). See the documentation for more information.
2025-04-30 10:16:09,382 - WARNING - Failed to parse job card: Working outside of application context.

This typically means that you attempted to use functionality that needed
the current application. To solve this, set up an application context
with app.app_context(). See the documentation for more information.
2025-04-30 10:16:09,465 - WARNING - Failed to parse job card: Working outside of application context.

This typically means that you attempted to use functionality that needed
the current application. To solve this, set up an application context
with app.app_context(). See the documentation for more information.
2025-04-30 10:16:09,497 - WARNING - Failed to parse job card: Working outside of application context.

This typically means that you attempted to use functionality that needed
the current application. To solve this, set up an application context
with app.app_context(). See the documentation for more information.
2025-04-30 10:16:09,574 - WARNING - Failed to parse job card: Working outside of application context.

This typically means that you attempted to use functionality that needed
the current application. To solve this, set up an application context
with app.app_context(). See the documentation for more information.
2025-04-30 10:16:09,618 - WARNING - Failed to parse job card: Working outside of application context.

This typically means that you attempted to use functionality that needed
the current application. To solve this, set up an application context
with app.app_context(). See the documentation for more information.
2025-04-30 10:16:09,692 - WARNING - Failed to parse job card: Working outside of application context.

This typically means that you attempted to use functionality that needed
the current application. To solve this, set up an application context
with app.app_context(). See the documentation for more information.
2025-04-30 10:16:09,733 - WARNING - Failed to parse job card: Working outside of application context.

This typically means that you attempted to use functionality that needed
the current application. To solve this, set up an application context
with app.app_context(). See the documentation for more information.
2025-04-30 10:16:09,734 - ERROR - Error during scraping: Working outside of application context.

This typically means that you attempted to use functionality that needed
the current application. To solve this, set up an application context
with app.app_context(). See the documentation for more information.
2025-04-30 10:16:09,842 - WARNING - Failed to parse job card: Working outside of application context.

This typically means that you attempted to use functionality that needed
the current application. To solve this, set up an application context
with app.app_context(). See the documentation for more information.
2025-04-30 10:16:10,042 - WARNING - Failed to parse job card: Working outside of application context.

This typically means that you attempted to use functionality that needed
the current application. To solve this, set up an application context
with app.app_context(). See the documentation for more information.
2025-04-30 10:16:10,043 - ERROR - Error during scraping: Working outside of application context.

This typically means that you attempted to use functionality that needed
the current application. To solve this, set up an application context
with app.app_context(). See the documentation for more information.
2025-04-30 10:16:12,315 - INFO - Scraping ended. Total jobs scraped: 0
2025-04-30 10:16:12,533 - INFO - Scraping ended. Total jobs scraped: 0
2025-04-30 10:16:14,882 - INFO - 127.0.0.1 - - [30/Apr/2025 10:16:14] "[35m[1mGET /jobs HTTP/1.1[0m" 500 -
2025-04-30 10:16:15,134 - INFO - 127.0.0.1 - - [30/Apr/2025 10:16:15] "[36mGET /jobs?__debugger__=yes&cmd=resource&f=debugger.js HTTP/1.1[0m" 304 -
2025-04-30 10:16:15,139 - INFO - 127.0.0.1 - - [30/Apr/2025 10:16:15] "[36mGET /jobs?__debugger__=yes&cmd=resource&f=style.css HTTP/1.1[0m" 304 -
2025-04-30 10:16:15,197 - INFO - 127.0.0.1 - - [30/Apr/2025 10:16:15] "GET /jobs?__debugger__=yes&cmd=resource&f=console.png&s=5AeFsew5agila3kqYYnJ HTTP/1.1" 200 -
2025-04-30 10:16:15,278 - INFO - 127.0.0.1 - - [30/Apr/2025 10:16:15] "[36mGET /jobs?__debugger__=yes&cmd=resource&f=console.png HTTP/1.1[0m" 304 -
2025-04-30 10:16:19,386 - INFO - 127.0.0.1 - - [30/Apr/2025 10:16:19] "[35m[1mGET /jobs HTTP/1.1[0m" 500 -
2025-04-30 10:16:19,431 - INFO - 127.0.0.1 - - [30/Apr/2025 10:16:19] "[36mGET /jobs?__debugger__=yes&cmd=resource&f=style.css HTTP/1.1[0m" 304 -
2025-04-30 10:16:19,433 - INFO - 127.0.0.1 - - [30/Apr/2025 10:16:19] "[36mGET /jobs?__debugger__=yes&cmd=resource&f=debugger.js HTTP/1.1[0m" 304 -
2025-04-30 10:16:19,466 - INFO - 127.0.0.1 - - [30/Apr/2025 10:16:19] "[36mGET /jobs?__debugger__=yes&cmd=resource&f=console.png&s=5AeFsew5agila3kqYYnJ HTTP/1.1[0m" 304 -
2025-04-30 10:17:12,357 - INFO - Scraping started.
2025-04-30 10:17:12,575 - INFO - Scraping started.
2025-04-30 10:17:25,484 - WARNING - Failed to parse job card: Working outside of application context.

This typically means that you attempted to use functionality that needed
the current application. To solve this, set up an application context
with app.app_context(). See the documentation for more information.
2025-04-30 10:17:25,625 - WARNING - Failed to parse job card: Working outside of application context.

This typically means that you attempted to use functionality that needed
the current application. To solve this, set up an application context
with app.app_context(). See the documentation for more information.
2025-04-30 10:17:25,789 - WARNING - Failed to parse job card: Working outside of application context.

This typically means that you attempted to use functionality that needed
the current application. To solve this, set up an application context
with app.app_context(). See the documentation for more information.
2025-04-30 10:17:25,899 - WARNING - Failed to parse job card: Working outside of application context.

This typically means that you attempted to use functionality that needed
the current application. To solve this, set up an application context
with app.app_context(). See the documentation for more information.
2025-04-30 10:17:26,060 - WARNING - Failed to parse job card: Working outside of application context.

This typically means that you attempted to use functionality that needed
the current application. To solve this, set up an application context
with app.app_context(). See the documentation for more information.
2025-04-30 10:17:26,277 - WARNING - Failed to parse job card: Working outside of application context.

This typically means that you attempted to use functionality that needed
the current application. To solve this, set up an application context
with app.app_context(). See the documentation for more information.
2025-04-30 10:17:26,646 - WARNING - Failed to parse job card: Working outside of application context.

This typically means that you attempted to use functionality that needed
the current application. To solve this, set up an application context
with app.app_context(). See the documentation for more information.
2025-04-30 10:17:26,907 - WARNING - Failed to parse job card: Working outside of application context.

This typically means that you attempted to use functionality that needed
the current application. To solve this, set up an application context
with app.app_context(). See the documentation for more information.
2025-04-30 10:17:27,089 - WARNING - Failed to parse job card: Working outside of application context.

This typically means that you attempted to use functionality that needed
the current application. To solve this, set up an application context
with app.app_context(). See the documentation for more information.
2025-04-30 10:17:27,238 - WARNING - Failed to parse job card: Working outside of application context.

This typically means that you attempted to use functionality that needed
the current application. To solve this, set up an application context
with app.app_context(). See the documentation for more information.
2025-04-30 10:17:27,396 - WARNING - Failed to parse job card: Working outside of application context.

This typically means that you attempted to use functionality that needed
the current application. To solve this, set up an application context
with app.app_context(). See the documentation for more information.
2025-04-30 10:17:27,647 - WARNING - Failed to parse job card: Working outside of application context.

This typically means that you attempted to use functionality that needed
the current application. To solve this, set up an application context
with app.app_context(). See the documentation for more information.
2025-04-30 10:17:27,670 - WARNING - Failed to parse job card: Working outside of application context.

This typically means that you attempted to use functionality that needed
the current application. To solve this, set up an application context
with app.app_context(). See the documentation for more information.
2025-04-30 10:17:27,834 - WARNING - Failed to parse job card: Working outside of application context.

This typically means that you attempted to use functionality that needed
the current application. To solve this, set up an application context
with app.app_context(). See the documentation for more information.
2025-04-30 10:17:27,840 - WARNING - Failed to parse job card: Working outside of application context.

This typically means that you attempted to use functionality that needed
the current application. To solve this, set up an application context
with app.app_context(). See the documentation for more information.
2025-04-30 10:17:27,972 - WARNING - Failed to parse job card: Working outside of application context.

This typically means that you attempted to use functionality that needed
the current application. To solve this, set up an application context
with app.app_context(). See the documentation for more information.
2025-04-30 10:17:27,991 - WARNING - Failed to parse job card: Working outside of application context.

This typically means that you attempted to use functionality that needed
the current application. To solve this, set up an application context
with app.app_context(). See the documentation for more information.
2025-04-30 10:17:28,142 - WARNING - Failed to parse job card: Working outside of application context.

This typically means that you attempted to use functionality that needed
the current application. To solve this, set up an application context
with app.app_context(). See the documentation for more information.
2025-04-30 10:17:28,184 - WARNING - Failed to parse job card: Working outside of application context.

This typically means that you attempted to use functionality that needed
the current application. To solve this, set up an application context
with app.app_context(). See the documentation for more information.
2025-04-30 10:17:28,357 - WARNING - Failed to parse job card: Working outside of application context.

This typically means that you attempted to use functionality that needed
the current application. To solve this, set up an application context
with app.app_context(). See the documentation for more information.
2025-04-30 10:17:28,405 - WARNING - Failed to parse job card: Working outside of application context.

This typically means that you attempted to use functionality that needed
the current application. To solve this, set up an application context
with app.app_context(). See the documentation for more information.
2025-04-30 10:17:28,543 - WARNING - Failed to parse job card: Working outside of application context.

This typically means that you attempted to use functionality that needed
the current application. To solve this, set up an application context
with app.app_context(). See the documentation for more information.
2025-04-30 10:17:28,625 - WARNING - Failed to parse job card: Working outside of application context.

This typically means that you attempted to use functionality that needed
the current application. To solve this, set up an application context
with app.app_context(). See the documentation for more information.
2025-04-30 10:17:28,747 - WARNING - Failed to parse job card: Working outside of application context.

This typically means that you attempted to use functionality that needed
the current application. To solve this, set up an application context
with app.app_context(). See the documentation for more information.
2025-04-30 10:17:28,840 - WARNING - Failed to parse job card: Working outside of application context.

This typically means that you attempted to use functionality that needed
the current application. To solve this, set up an application context
with app.app_context(). See the documentation for more information.
2025-04-30 10:17:28,891 - WARNING - Failed to parse job card: Working outside of application context.

This typically means that you attempted to use functionality that needed
the current application. To solve this, set up an application context
with app.app_context(). See the documentation for more information.
2025-04-30 10:17:28,987 - WARNING - Failed to parse job card: Working outside of application context.

This typically means that you attempted to use functionality that needed
the current application. To solve this, set up an application context
with app.app_context(). See the documentation for more information.
2025-04-30 10:17:29,025 - WARNING - Failed to parse job card: Working outside of application context.

This typically means that you attempted to use functionality that needed
the current application. To solve this, set up an application context
with app.app_context(). See the documentation for more information.
2025-04-30 10:17:29,146 - WARNING - Failed to parse job card: Working outside of application context.

This typically means that you attempted to use functionality that needed
the current application. To solve this, set up an application context
with app.app_context(). See the documentation for more information.
2025-04-30 10:17:29,170 - WARNING - Failed to parse job card: Working outside of application context.

This typically means that you attempted to use functionality that needed
the current application. To solve this, set up an application context
with app.app_context(). See the documentation for more information.
2025-04-30 10:17:29,298 - WARNING - Failed to parse job card: Working outside of application context.

This typically means that you attempted to use functionality that needed
the current application. To solve this, set up an application context
with app.app_context(). See the documentation for more information.
2025-04-30 10:17:29,309 - WARNING - Failed to parse job card: Working outside of application context.

This typically means that you attempted to use functionality that needed
the current application. To solve this, set up an application context
with app.app_context(). See the documentation for more information.
2025-04-30 10:17:29,495 - WARNING - Failed to parse job card: Working outside of application context.

This typically means that you attempted to use functionality that needed
the current application. To solve this, set up an application context
with app.app_context(). See the documentation for more information.
2025-04-30 10:17:29,510 - WARNING - Failed to parse job card: Working outside of application context.

This typically means that you attempted to use functionality that needed
the current application. To solve this, set up an application context
with app.app_context(). See the documentation for more information.
2025-04-30 10:17:29,730 - WARNING - Failed to parse job card: Working outside of application context.

This typically means that you attempted to use functionality that needed
the current application. To solve this, set up an application context
with app.app_context(). See the documentation for more information.
2025-04-30 10:17:29,791 - WARNING - Failed to parse job card: Working outside of application context.

This typically means that you attempted to use functionality that needed
the current application. To solve this, set up an application context
with app.app_context(). See the documentation for more information.
2025-04-30 10:17:29,944 - WARNING - Failed to parse job card: Working outside of application context.

This typically means that you attempted to use functionality that needed
the current application. To solve this, set up an application context
with app.app_context(). See the documentation for more information.
2025-04-30 10:17:30,102 - WARNING - Failed to parse job card: Working outside of application context.

This typically means that you attempted to use functionality that needed
the current application. To solve this, set up an application context
with app.app_context(). See the documentation for more information.
2025-04-30 10:17:30,164 - WARNING - Failed to parse job card: Working outside of application context.

This typically means that you attempted to use functionality that needed
the current application. To solve this, set up an application context
with app.app_context(). See the documentation for more information.
2025-04-30 10:17:30,308 - WARNING - Failed to parse job card: Working outside of application context.

This typically means that you attempted to use functionality that needed
the current application. To solve this, set up an application context
with app.app_context(). See the documentation for more information.
2025-04-30 10:17:30,340 - WARNING - Failed to parse job card: Working outside of application context.

This typically means that you attempted to use functionality that needed
the current application. To solve this, set up an application context
with app.app_context(). See the documentation for more information.
2025-04-30 10:17:30,456 - WARNING - Failed to parse job card: Working outside of application context.

This typically means that you attempted to use functionality that needed
the current application. To solve this, set up an application context
with app.app_context(). See the documentation for more information.
2025-04-30 10:17:30,478 - WARNING - Failed to parse job card: Working outside of application context.

This typically means that you attempted to use functionality that needed
the current application. To solve this, set up an application context
with app.app_context(). See the documentation for more information.
2025-04-30 10:17:30,605 - WARNING - Failed to parse job card: Working outside of application context.

This typically means that you attempted to use functionality that needed
the current application. To solve this, set up an application context
with app.app_context(). See the documentation for more information.
2025-04-30 10:17:30,624 - WARNING - Failed to parse job card: Working outside of application context.

This typically means that you attempted to use functionality that needed
the current application. To solve this, set up an application context
with app.app_context(). See the documentation for more information.
2025-04-30 10:17:30,752 - WARNING - Failed to parse job card: Working outside of application context.

This typically means that you attempted to use functionality that needed
the current application. To solve this, set up an application context
with app.app_context(). See the documentation for more information.
2025-04-30 10:17:30,760 - WARNING - Failed to parse job card: Working outside of application context.

This typically means that you attempted to use functionality that needed
the current application. To solve this, set up an application context
with app.app_context(). See the documentation for more information.
2025-04-30 10:17:30,900 - WARNING - Failed to parse job card: Working outside of application context.

This typically means that you attempted to use functionality that needed
the current application. To solve this, set up an application context
with app.app_context(). See the documentation for more information.
2025-04-30 10:17:30,910 - WARNING - Failed to parse job card: Working outside of application context.

This typically means that you attempted to use functionality that needed
the current application. To solve this, set up an application context
with app.app_context(). See the documentation for more information.
2025-04-30 10:17:30,910 - ERROR - Error during scraping: Working outside of application context.

This typically means that you attempted to use functionality that needed
the current application. To solve this, set up an application context
with app.app_context(). See the documentation for more information.
2025-04-30 10:17:31,059 - WARNING - Failed to parse job card: Working outside of application context.

This typically means that you attempted to use functionality that needed
the current application. To solve this, set up an application context
with app.app_context(). See the documentation for more information.
2025-04-30 10:17:31,239 - WARNING - Failed to parse job card: Working outside of application context.

This typically means that you attempted to use functionality that needed
the current application. To solve this, set up an application context
with app.app_context(). See the documentation for more information.
2025-04-30 10:17:31,496 - WARNING - Failed to parse job card: Working outside of application context.

This typically means that you attempted to use functionality that needed
the current application. To solve this, set up an application context
with app.app_context(). See the documentation for more information.
2025-04-30 10:17:31,771 - WARNING - Failed to parse job card: Working outside of application context.

This typically means that you attempted to use functionality that needed
the current application. To solve this, set up an application context
with app.app_context(). See the documentation for more information.
2025-04-30 10:17:31,990 - WARNING - Failed to parse job card: Working outside of application context.

This typically means that you attempted to use functionality that needed
the current application. To solve this, set up an application context
with app.app_context(). See the documentation for more information.
2025-04-30 10:17:32,198 - WARNING - Failed to parse job card: Working outside of application context.

This typically means that you attempted to use functionality that needed
the current application. To solve this, set up an application context
with app.app_context(). See the documentation for more information.
2025-04-30 10:17:32,404 - WARNING - Failed to parse job card: Working outside of application context.

This typically means that you attempted to use functionality that needed
the current application. To solve this, set up an application context
with app.app_context(). See the documentation for more information.
2025-04-30 10:17:32,545 - WARNING - Failed to parse job card: Working outside of application context.

This typically means that you attempted to use functionality that needed
the current application. To solve this, set up an application context
with app.app_context(). See the documentation for more information.
2025-04-30 10:17:32,896 - INFO -  * Detected change in 'H:\\Mini-Project\\backend\\app.py', reloading
2025-04-30 10:17:33,181 - WARNING - Failed to parse job card: Working outside of application context.

This typically means that you attempted to use functionality that needed
the current application. To solve this, set up an application context
with app.app_context(). See the documentation for more information.
2025-04-30 10:17:33,518 - WARNING - Failed to parse job card: Working outside of application context.

This typically means that you attempted to use functionality that needed
the current application. To solve this, set up an application context
with app.app_context(). See the documentation for more information.
2025-04-30 10:17:33,702 - WARNING - Failed to parse job card: Working outside of application context.

This typically means that you attempted to use functionality that needed
the current application. To solve this, set up an application context
with app.app_context(). See the documentation for more information.
2025-04-30 10:17:33,703 - ERROR - Error during scraping: Working outside of application context.

This typically means that you attempted to use functionality that needed
the current application. To solve this, set up an application context
with app.app_context(). See the documentation for more information.
2025-04-30 10:17:35,928 - INFO - Scraping ended. Total jobs scraped: 0
2025-04-30 10:17:37,593 - INFO -  * Restarting with stat
2025-04-30 10:17:39,466 - INFO - Scheduler started.
2025-04-30 10:17:39,504 - WARNING -  * Debugger is active!
2025-04-30 10:17:39,508 - INFO -  * Debugger PIN: 140-782-711
2025-04-30 10:18:31,106 - INFO - 127.0.0.1 - - [30/Apr/2025 10:18:31] "[35m[1mGET /jobs HTTP/1.1[0m" 500 -
2025-04-30 10:18:31,352 - INFO - 127.0.0.1 - - [30/Apr/2025 10:18:31] "[36mGET /jobs?__debugger__=yes&cmd=resource&f=style.css HTTP/1.1[0m" 304 -
2025-04-30 10:18:31,353 - INFO - 127.0.0.1 - - [30/Apr/2025 10:18:31] "[36mGET /jobs?__debugger__=yes&cmd=resource&f=debugger.js HTTP/1.1[0m" 304 -
2025-04-30 10:18:31,459 - INFO - 127.0.0.1 - - [30/Apr/2025 10:18:31] "GET /jobs?__debugger__=yes&cmd=resource&f=console.png&s=J0Up2ahMuAxi6yECLajF HTTP/1.1" 200 -
2025-04-30 10:18:31,545 - INFO - 127.0.0.1 - - [30/Apr/2025 10:18:31] "[36mGET /jobs?__debugger__=yes&cmd=resource&f=console.png HTTP/1.1[0m" 304 -
2025-04-30 10:18:35,976 - INFO - Scraping started.
2025-04-30 10:18:39,499 - INFO - Scraping started.
2025-04-30 10:18:39,858 - INFO -  * Detected change in 'H:\\Mini-Project\\backend\\app.py', reloading
2025-04-30 10:18:40,107 - INFO -  * Restarting with stat
2025-04-30 10:18:41,025 - INFO - Scheduler started.
2025-04-30 10:18:41,057 - WARNING -  * Debugger is active!
2025-04-30 10:18:41,061 - INFO -  * Debugger PIN: 140-782-711
2025-04-30 10:18:49,128 - INFO -  * Detected change in 'H:\\Mini-Project\\backend\\scraper.py', reloading
2025-04-30 10:18:49,437 - INFO -  * Restarting with stat
2025-04-30 10:18:49,663 - WARNING - Failed to parse job card: Working outside of application context.

This typically means that you attempted to use functionality that needed
the current application. To solve this, set up an application context
with app.app_context(). See the documentation for more information.
2025-04-30 10:18:49,957 - WARNING - Failed to parse job card: Working outside of application context.

This typically means that you attempted to use functionality that needed
the current application. To solve this, set up an application context
with app.app_context(). See the documentation for more information.
2025-04-30 10:18:50,187 - WARNING - Failed to parse job card: Working outside of application context.

This typically means that you attempted to use functionality that needed
the current application. To solve this, set up an application context
with app.app_context(). See the documentation for more information.
2025-04-30 10:18:50,474 - WARNING - Failed to parse job card: Working outside of application context.

This typically means that you attempted to use functionality that needed
the current application. To solve this, set up an application context
with app.app_context(). See the documentation for more information.
2025-04-30 10:18:50,626 - WARNING - Failed to parse job card: Working outside of application context.

This typically means that you attempted to use functionality that needed
the current application. To solve this, set up an application context
with app.app_context(). See the documentation for more information.
2025-04-30 10:18:50,765 - WARNING - Failed to parse job card: Working outside of application context.

This typically means that you attempted to use functionality that needed
the current application. To solve this, set up an application context
with app.app_context(). See the documentation for more information.
2025-04-30 10:18:50,904 - WARNING - Failed to parse job card: Working outside of application context.

This typically means that you attempted to use functionality that needed
the current application. To solve this, set up an application context
with app.app_context(). See the documentation for more information.
2025-04-30 10:18:51,043 - WARNING - Failed to parse job card: Working outside of application context.

This typically means that you attempted to use functionality that needed
the current application. To solve this, set up an application context
with app.app_context(). See the documentation for more information.
2025-04-30 10:18:51,223 - WARNING - Failed to parse job card: Working outside of application context.

This typically means that you attempted to use functionality that needed
the current application. To solve this, set up an application context
with app.app_context(). See the documentation for more information.
2025-04-30 10:18:51,382 - WARNING - Failed to parse job card: Working outside of application context.

This typically means that you attempted to use functionality that needed
the current application. To solve this, set up an application context
with app.app_context(). See the documentation for more information.
2025-04-30 10:18:51,548 - WARNING - Failed to parse job card: Working outside of application context.

This typically means that you attempted to use functionality that needed
the current application. To solve this, set up an application context
with app.app_context(). See the documentation for more information.
2025-04-30 10:18:51,677 - WARNING - Failed to parse job card: Working outside of application context.

This typically means that you attempted to use functionality that needed
the current application. To solve this, set up an application context
with app.app_context(). See the documentation for more information.
2025-04-30 10:18:51,750 - INFO - Scheduler started.
2025-04-30 10:18:51,788 - WARNING -  * Debugger is active!
2025-04-30 10:18:51,790 - WARNING - Failed to parse job card: Working outside of application context.

This typically means that you attempted to use functionality that needed
the current application. To solve this, set up an application context
with app.app_context(). See the documentation for more information.
2025-04-30 10:18:51,791 - INFO -  * Debugger PIN: 140-782-711
2025-04-30 10:18:51,886 - WARNING - Failed to parse job card: Working outside of application context.

This typically means that you attempted to use functionality that needed
the current application. To solve this, set up an application context
with app.app_context(). See the documentation for more information.
2025-04-30 10:18:51,994 - WARNING - Failed to parse job card: Working outside of application context.

This typically means that you attempted to use functionality that needed
the current application. To solve this, set up an application context
with app.app_context(). See the documentation for more information.
2025-04-30 10:18:52,099 - WARNING - Failed to parse job card: Working outside of application context.

This typically means that you attempted to use functionality that needed
the current application. To solve this, set up an application context
with app.app_context(). See the documentation for more information.
2025-04-30 10:18:52,217 - WARNING - Failed to parse job card: Working outside of application context.

This typically means that you attempted to use functionality that needed
the current application. To solve this, set up an application context
with app.app_context(). See the documentation for more information.
2025-04-30 10:18:52,339 - WARNING - Failed to parse job card: Working outside of application context.

This typically means that you attempted to use functionality that needed
the current application. To solve this, set up an application context
with app.app_context(). See the documentation for more information.
2025-04-30 10:18:52,479 - WARNING - Failed to parse job card: Working outside of application context.

This typically means that you attempted to use functionality that needed
the current application. To solve this, set up an application context
with app.app_context(). See the documentation for more information.
2025-04-30 10:18:52,598 - WARNING - Failed to parse job card: Working outside of application context.

This typically means that you attempted to use functionality that needed
the current application. To solve this, set up an application context
with app.app_context(). See the documentation for more information.
2025-04-30 10:18:52,734 - WARNING - Failed to parse job card: Working outside of application context.

This typically means that you attempted to use functionality that needed
the current application. To solve this, set up an application context
with app.app_context(). See the documentation for more information.
2025-04-30 10:18:52,870 - WARNING - Failed to parse job card: Working outside of application context.

This typically means that you attempted to use functionality that needed
the current application. To solve this, set up an application context
with app.app_context(). See the documentation for more information.
2025-04-30 10:18:53,019 - WARNING - Failed to parse job card: Working outside of application context.

This typically means that you attempted to use functionality that needed
the current application. To solve this, set up an application context
with app.app_context(). See the documentation for more information.
2025-04-30 10:18:53,207 - WARNING - Failed to parse job card: Working outside of application context.

This typically means that you attempted to use functionality that needed
the current application. To solve this, set up an application context
with app.app_context(). See the documentation for more information.
2025-04-30 10:18:53,414 - WARNING - Failed to parse job card: Working outside of application context.

This typically means that you attempted to use functionality that needed
the current application. To solve this, set up an application context
with app.app_context(). See the documentation for more information.
2025-04-30 10:18:53,598 - WARNING - Failed to parse job card: Working outside of application context.

This typically means that you attempted to use functionality that needed
the current application. To solve this, set up an application context
with app.app_context(). See the documentation for more information.
2025-04-30 10:18:53,788 - WARNING - Failed to parse job card: Working outside of application context.

This typically means that you attempted to use functionality that needed
the current application. To solve this, set up an application context
with app.app_context(). See the documentation for more information.
2025-04-30 10:18:53,950 - WARNING - Failed to parse job card: Working outside of application context.

This typically means that you attempted to use functionality that needed
the current application. To solve this, set up an application context
with app.app_context(). See the documentation for more information.
2025-04-30 10:18:54,143 - WARNING - Failed to parse job card: Working outside of application context.

This typically means that you attempted to use functionality that needed
the current application. To solve this, set up an application context
with app.app_context(). See the documentation for more information.
2025-04-30 10:18:54,319 - WARNING - Failed to parse job card: Working outside of application context.

This typically means that you attempted to use functionality that needed
the current application. To solve this, set up an application context
with app.app_context(). See the documentation for more information.
2025-04-30 10:18:54,319 - ERROR - Error during scraping: Working outside of application context.

This typically means that you attempted to use functionality that needed
the current application. To solve this, set up an application context
with app.app_context(). See the documentation for more information.
2025-04-30 10:18:56,670 - INFO - Scraping ended. Total jobs scraped: 0
2025-04-30 10:19:06,912 - INFO - 127.0.0.1 - - [30/Apr/2025 10:19:06] "GET /jobs HTTP/1.1" 200 -
2025-04-30 10:19:56,708 - INFO - Scraping started.
2025-04-30 10:20:01,061 - INFO - 127.0.0.1 - - [30/Apr/2025 10:20:01] "GET /jobs HTTP/1.1" 200 -
2025-04-30 10:20:12,294 - WARNING - Failed to parse job card: Working outside of application context.

This typically means that you attempted to use functionality that needed
the current application. To solve this, set up an application context
with app.app_context(). See the documentation for more information.
2025-04-30 10:20:12,427 - WARNING - Failed to parse job card: Working outside of application context.

This typically means that you attempted to use functionality that needed
the current application. To solve this, set up an application context
with app.app_context(). See the documentation for more information.
2025-04-30 10:20:12,602 - WARNING - Failed to parse job card: Working outside of application context.

This typically means that you attempted to use functionality that needed
the current application. To solve this, set up an application context
with app.app_context(). See the documentation for more information.
2025-04-30 10:20:12,751 - WARNING - Failed to parse job card: Working outside of application context.

This typically means that you attempted to use functionality that needed
the current application. To solve this, set up an application context
with app.app_context(). See the documentation for more information.
2025-04-30 10:20:12,894 - WARNING - Failed to parse job card: Working outside of application context.

This typically means that you attempted to use functionality that needed
the current application. To solve this, set up an application context
with app.app_context(). See the documentation for more information.
2025-04-30 10:20:13,032 - WARNING - Failed to parse job card: Working outside of application context.

This typically means that you attempted to use functionality that needed
the current application. To solve this, set up an application context
with app.app_context(). See the documentation for more information.
2025-04-30 10:20:13,143 - WARNING - Failed to parse job card: Working outside of application context.

This typically means that you attempted to use functionality that needed
the current application. To solve this, set up an application context
with app.app_context(). See the documentation for more information.
2025-04-30 10:20:13,233 - WARNING - Failed to parse job card: Working outside of application context.

This typically means that you attempted to use functionality that needed
the current application. To solve this, set up an application context
with app.app_context(). See the documentation for more information.
2025-04-30 10:20:13,312 - WARNING - Failed to parse job card: Working outside of application context.

This typically means that you attempted to use functionality that needed
the current application. To solve this, set up an application context
with app.app_context(). See the documentation for more information.
2025-04-30 10:20:13,379 - WARNING - Failed to parse job card: Working outside of application context.

This typically means that you attempted to use functionality that needed
the current application. To solve this, set up an application context
with app.app_context(). See the documentation for more information.
2025-04-30 10:20:13,463 - WARNING - Failed to parse job card: Working outside of application context.

This typically means that you attempted to use functionality that needed
the current application. To solve this, set up an application context
with app.app_context(). See the documentation for more information.
2025-04-30 10:20:13,550 - WARNING - Failed to parse job card: Working outside of application context.

This typically means that you attempted to use functionality that needed
the current application. To solve this, set up an application context
with app.app_context(). See the documentation for more information.
2025-04-30 10:20:13,649 - WARNING - Failed to parse job card: Working outside of application context.

This typically means that you attempted to use functionality that needed
the current application. To solve this, set up an application context
with app.app_context(). See the documentation for more information.
2025-04-30 10:20:13,784 - WARNING - Failed to parse job card: Working outside of application context.

This typically means that you attempted to use functionality that needed
the current application. To solve this, set up an application context
with app.app_context(). See the documentation for more information.
2025-04-30 10:20:13,884 - WARNING - Failed to parse job card: Working outside of application context.

This typically means that you attempted to use functionality that needed
the current application. To solve this, set up an application context
with app.app_context(). See the documentation for more information.
2025-04-30 10:20:13,962 - WARNING - Failed to parse job card: Working outside of application context.

This typically means that you attempted to use functionality that needed
the current application. To solve this, set up an application context
with app.app_context(). See the documentation for more information.
2025-04-30 10:20:14,052 - WARNING - Failed to parse job card: Working outside of application context.

This typically means that you attempted to use functionality that needed
the current application. To solve this, set up an application context
with app.app_context(). See the documentation for more information.
2025-04-30 10:20:14,136 - WARNING - Failed to parse job card: Working outside of application context.

This typically means that you attempted to use functionality that needed
the current application. To solve this, set up an application context
with app.app_context(). See the documentation for more information.
2025-04-30 10:20:14,220 - WARNING - Failed to parse job card: Working outside of application context.

This typically means that you attempted to use functionality that needed
the current application. To solve this, set up an application context
with app.app_context(). See the documentation for more information.
2025-04-30 10:20:14,296 - WARNING - Failed to parse job card: Working outside of application context.

This typically means that you attempted to use functionality that needed
the current application. To solve this, set up an application context
with app.app_context(). See the documentation for more information.
2025-04-30 10:20:14,361 - WARNING - Failed to parse job card: Working outside of application context.

This typically means that you attempted to use functionality that needed
the current application. To solve this, set up an application context
with app.app_context(). See the documentation for more information.
2025-04-30 10:20:14,436 - WARNING - Failed to parse job card: Working outside of application context.

This typically means that you attempted to use functionality that needed
the current application. To solve this, set up an application context
with app.app_context(). See the documentation for more information.
2025-04-30 10:20:14,518 - WARNING - Failed to parse job card: Working outside of application context.

This typically means that you attempted to use functionality that needed
the current application. To solve this, set up an application context
with app.app_context(). See the documentation for more information.
2025-04-30 10:20:14,628 - WARNING - Failed to parse job card: Working outside of application context.

This typically means that you attempted to use functionality that needed
the current application. To solve this, set up an application context
with app.app_context(). See the documentation for more information.
2025-04-30 10:20:14,745 - WARNING - Failed to parse job card: Working outside of application context.

This typically means that you attempted to use functionality that needed
the current application. To solve this, set up an application context
with app.app_context(). See the documentation for more information.
2025-04-30 10:20:14,820 - WARNING - Failed to parse job card: Working outside of application context.

This typically means that you attempted to use functionality that needed
the current application. To solve this, set up an application context
with app.app_context(). See the documentation for more information.
2025-04-30 10:20:14,886 - WARNING - Failed to parse job card: Working outside of application context.

This typically means that you attempted to use functionality that needed
the current application. To solve this, set up an application context
with app.app_context(). See the documentation for more information.
2025-04-30 10:20:14,969 - WARNING - Failed to parse job card: Working outside of application context.

This typically means that you attempted to use functionality that needed
the current application. To solve this, set up an application context
with app.app_context(). See the documentation for more information.
2025-04-30 10:20:15,054 - WARNING - Failed to parse job card: Working outside of application context.

This typically means that you attempted to use functionality that needed
the current application. To solve this, set up an application context
with app.app_context(). See the documentation for more information.
2025-04-30 10:20:15,165 - WARNING - Failed to parse job card: Working outside of application context.

This typically means that you attempted to use functionality that needed
the current application. To solve this, set up an application context
with app.app_context(). See the documentation for more information.
2025-04-30 10:20:15,165 - ERROR - Error during scraping: Working outside of application context.

This typically means that you attempted to use functionality that needed
the current application. To solve this, set up an application context
with app.app_context(). See the documentation for more information.
2025-04-30 10:20:17,388 - INFO - Scraping ended. Total jobs scraped: 0
2025-04-30 10:21:17,423 - INFO - Scraping started.
2025-04-30 10:21:31,574 - WARNING - Failed to parse job card: Working outside of application context.

This typically means that you attempted to use functionality that needed
the current application. To solve this, set up an application context
with app.app_context(). See the documentation for more information.
2025-04-30 10:21:31,648 - WARNING - Failed to parse job card: Working outside of application context.

This typically means that you attempted to use functionality that needed
the current application. To solve this, set up an application context
with app.app_context(). See the documentation for more information.
2025-04-30 10:21:31,715 - WARNING - Failed to parse job card: Working outside of application context.

This typically means that you attempted to use functionality that needed
the current application. To solve this, set up an application context
with app.app_context(). See the documentation for more information.
2025-04-30 10:21:31,789 - WARNING - Failed to parse job card: Working outside of application context.

This typically means that you attempted to use functionality that needed
the current application. To solve this, set up an application context
with app.app_context(). See the documentation for more information.
2025-04-30 10:21:31,878 - WARNING - Failed to parse job card: Working outside of application context.

This typically means that you attempted to use functionality that needed
the current application. To solve this, set up an application context
with app.app_context(). See the documentation for more information.
2025-04-30 10:21:31,967 - WARNING - Failed to parse job card: Working outside of application context.

This typically means that you attempted to use functionality that needed
the current application. To solve this, set up an application context
with app.app_context(). See the documentation for more information.
2025-04-30 10:21:32,069 - WARNING - Failed to parse job card: Working outside of application context.

This typically means that you attempted to use functionality that needed
the current application. To solve this, set up an application context
with app.app_context(). See the documentation for more information.
2025-04-30 10:21:32,182 - WARNING - Failed to parse job card: Working outside of application context.

This typically means that you attempted to use functionality that needed
the current application. To solve this, set up an application context
with app.app_context(). See the documentation for more information.
2025-04-30 10:21:32,256 - WARNING - Failed to parse job card: Working outside of application context.

This typically means that you attempted to use functionality that needed
the current application. To solve this, set up an application context
with app.app_context(). See the documentation for more information.
2025-04-30 10:21:32,335 - WARNING - Failed to parse job card: Working outside of application context.

This typically means that you attempted to use functionality that needed
the current application. To solve this, set up an application context
with app.app_context(). See the documentation for more information.
2025-04-30 10:21:32,416 - WARNING - Failed to parse job card: Working outside of application context.

This typically means that you attempted to use functionality that needed
the current application. To solve this, set up an application context
with app.app_context(). See the documentation for more information.
2025-04-30 10:21:32,510 - WARNING - Failed to parse job card: Working outside of application context.

This typically means that you attempted to use functionality that needed
the current application. To solve this, set up an application context
with app.app_context(). See the documentation for more information.
2025-04-30 10:21:32,581 - WARNING - Failed to parse job card: Working outside of application context.

This typically means that you attempted to use functionality that needed
the current application. To solve this, set up an application context
with app.app_context(). See the documentation for more information.
2025-04-30 10:21:32,665 - WARNING - Failed to parse job card: Working outside of application context.

This typically means that you attempted to use functionality that needed
the current application. To solve this, set up an application context
with app.app_context(). See the documentation for more information.
2025-04-30 10:21:32,756 - WARNING - Failed to parse job card: Working outside of application context.

This typically means that you attempted to use functionality that needed
the current application. To solve this, set up an application context
with app.app_context(). See the documentation for more information.
2025-04-30 10:21:32,850 - WARNING - Failed to parse job card: Working outside of application context.

This typically means that you attempted to use functionality that needed
the current application. To solve this, set up an application context
with app.app_context(). See the documentation for more information.
2025-04-30 10:21:32,952 - WARNING - Failed to parse job card: Working outside of application context.

This typically means that you attempted to use functionality that needed
the current application. To solve this, set up an application context
with app.app_context(). See the documentation for more information.
2025-04-30 10:21:33,059 - WARNING - Failed to parse job card: Working outside of application context.

This typically means that you attempted to use functionality that needed
the current application. To solve this, set up an application context
with app.app_context(). See the documentation for more information.
2025-04-30 10:21:33,162 - WARNING - Failed to parse job card: Working outside of application context.

This typically means that you attempted to use functionality that needed
the current application. To solve this, set up an application context
with app.app_context(). See the documentation for more information.
2025-04-30 10:21:33,230 - WARNING - Failed to parse job card: Working outside of application context.

This typically means that you attempted to use functionality that needed
the current application. To solve this, set up an application context
with app.app_context(). See the documentation for more information.
2025-04-30 10:21:33,318 - WARNING - Failed to parse job card: Working outside of application context.

This typically means that you attempted to use functionality that needed
the current application. To solve this, set up an application context
with app.app_context(). See the documentation for more information.
2025-04-30 10:21:33,401 - WARNING - Failed to parse job card: Working outside of application context.

This typically means that you attempted to use functionality that needed
the current application. To solve this, set up an application context
with app.app_context(). See the documentation for more information.
2025-04-30 10:21:33,507 - WARNING - Failed to parse job card: Working outside of application context.

This typically means that you attempted to use functionality that needed
the current application. To solve this, set up an application context
with app.app_context(). See the documentation for more information.
2025-04-30 10:21:33,644 - WARNING - Failed to parse job card: Working outside of application context.

This typically means that you attempted to use functionality that needed
the current application. To solve this, set up an application context
with app.app_context(). See the documentation for more information.
2025-04-30 10:21:33,751 - WARNING - Failed to parse job card: Working outside of application context.

This typically means that you attempted to use functionality that needed
the current application. To solve this, set up an application context
with app.app_context(). See the documentation for more information.
2025-04-30 10:21:33,755 - INFO -  * Detected change in 'H:\\Mini-Project\\backend\\app.py', reloading
2025-04-30 10:21:33,886 - WARNING - Failed to parse job card: Working outside of application context.

This typically means that you attempted to use functionality that needed
the current application. To solve this, set up an application context
with app.app_context(). See the documentation for more information.
2025-04-30 10:21:34,079 - WARNING - Failed to parse job card: Working outside of application context.

This typically means that you attempted to use functionality that needed
the current application. To solve this, set up an application context
with app.app_context(). See the documentation for more information.
2025-04-30 10:21:34,108 - INFO -  * Restarting with stat
2025-04-30 10:21:34,217 - WARNING - Failed to parse job card: Working outside of application context.

This typically means that you attempted to use functionality that needed
the current application. To solve this, set up an application context
with app.app_context(). See the documentation for more information.
2025-04-30 10:21:34,316 - WARNING - Failed to parse job card: Working outside of application context.

This typically means that you attempted to use functionality that needed
the current application. To solve this, set up an application context
with app.app_context(). See the documentation for more information.
2025-04-30 10:21:34,443 - WARNING - Failed to parse job card: Working outside of application context.

This typically means that you attempted to use functionality that needed
the current application. To solve this, set up an application context
with app.app_context(). See the documentation for more information.
2025-04-30 10:21:34,444 - ERROR - Error during scraping: Working outside of application context.

This typically means that you attempted to use functionality that needed
the current application. To solve this, set up an application context
with app.app_context(). See the documentation for more information.
2025-04-30 10:21:35,211 - INFO - Scheduler started.
2025-04-30 10:21:35,260 - WARNING -  * Debugger is active!
2025-04-30 10:21:35,262 - INFO -  * Debugger PIN: 140-782-711
2025-04-30 10:21:36,619 - INFO - Scraping ended. Total jobs scraped: 0
2025-04-30 10:21:49,331 - INFO -  * Detected change in 'H:\\Mini-Project\\backend\\app.py', reloading
2025-04-30 10:21:49,430 - INFO -  * Restarting with stat
2025-04-30 10:22:36,052 - INFO - Scheduler started.
2025-04-30 10:22:36,086 - INFO - [31m[1mWARNING: This is a development server. Do not use it in a production deployment. Use a production WSGI server instead.[0m
 * Running on http://127.0.0.1:5000
2025-04-30 10:22:36,086 - INFO - [33mPress CTRL+C to quit[0m
2025-04-30 10:22:36,088 - INFO -  * Restarting with stat
2025-04-30 10:22:36,597 - INFO - Scheduler started.
2025-04-30 10:22:36,620 - WARNING -  * Debugger is active!
2025-04-30 10:22:36,623 - INFO -  * Debugger PIN: 140-782-711
2025-04-30 10:23:05,221 - INFO - 127.0.0.1 - - [30/Apr/2025 10:23:05] "GET /jobs HTTP/1.1" 200 -
2025-04-30 10:23:05,226 - INFO - 127.0.0.1 - - [30/Apr/2025 10:23:05] "GET /jobs HTTP/1.1" 200 -
2025-04-30 10:23:05,243 - INFO - 127.0.0.1 - - [30/Apr/2025 10:23:05] "GET /jobs HTTP/1.1" 200 -
2025-04-30 10:23:27,256 - INFO - 127.0.0.1 - - [30/Apr/2025 10:23:27] "GET /jobs HTTP/1.1" 200 -
2025-04-30 10:23:27,262 - INFO - 127.0.0.1 - - [30/Apr/2025 10:23:27] "GET /jobs HTTP/1.1" 200 -
2025-04-30 10:23:27,276 - INFO - 127.0.0.1 - - [30/Apr/2025 10:23:27] "GET /jobs HTTP/1.1" 200 -
2025-04-30 10:25:36,161 - INFO - Scraping started.
2025-04-30 10:25:36,703 - INFO - Scraping started.
2025-04-30 10:25:50,990 - INFO - Found 30 job articles.
2025-04-30 10:25:51,093 - INFO - Found 30 job articles.
2025-04-30 10:25:58,591 - INFO - Scraping ended. Total jobs scraped: 30
2025-04-30 10:25:58,728 - INFO - Scraping ended. Total jobs scraped: 30
2025-04-30 10:26:09,237 - INFO - 127.0.0.1 - - [30/Apr/2025 10:26:09] "GET /jobs HTTP/1.1" 200 -
2025-04-30 10:26:09,260 - INFO - 127.0.0.1 - - [30/Apr/2025 10:26:09] "GET /jobs HTTP/1.1" 200 -
2025-04-30 10:26:09,279 - INFO - 127.0.0.1 - - [30/Apr/2025 10:26:09] "GET /jobs HTTP/1.1" 200 -
2025-04-30 10:26:24,448 - INFO - 127.0.0.1 - - [30/Apr/2025 10:26:24] "GET /jobs HTTP/1.1" 200 -
2025-04-30 10:26:24,458 - INFO - 127.0.0.1 - - [30/Apr/2025 10:26:24] "GET /jobs HTTP/1.1" 200 -
2025-04-30 10:26:24,466 - INFO - 127.0.0.1 - - [30/Apr/2025 10:26:24] "GET /jobs HTTP/1.1" 200 -
2025-04-30 10:26:50,557 - INFO - 127.0.0.1 - - [30/Apr/2025 10:26:50] "GET /jobs HTTP/1.1" 200 -
2025-04-30 10:26:50,565 - INFO - 127.0.0.1 - - [30/Apr/2025 10:26:50] "GET /jobs HTTP/1.1" 200 -
2025-04-30 10:28:00,835 - INFO - 127.0.0.1 - - [30/Apr/2025 10:28:00] "GET /jobs HTTP/1.1" 200 -
2025-04-30 10:28:58,694 - INFO - Scraping started.
2025-04-30 10:28:58,841 - INFO - Scraping started.
2025-04-30 10:29:13,903 - INFO - Found 30 job articles.
2025-04-30 10:29:14,369 - INFO - Found 30 job articles.
2025-04-30 10:29:21,248 - INFO - Scraping ended. Total jobs scraped: 30
2025-04-30 10:29:22,568 - INFO - Scraping ended. Total jobs scraped: 30
2025-04-30 10:33:57,428 - INFO - Scheduler started.
2025-04-30 10:33:57,474 - INFO - [31m[1mWARNING: This is a development server. Do not use it in a production deployment. Use a production WSGI server instead.[0m
 * Running on http://127.0.0.1:5000
2025-04-30 10:33:57,474 - INFO - [33mPress CTRL+C to quit[0m
2025-04-30 10:33:57,476 - INFO -  * Restarting with stat
2025-04-30 10:33:58,280 - INFO - Scheduler started.
2025-04-30 10:33:58,307 - WARNING -  * Debugger is active!
2025-04-30 10:33:58,310 - INFO -  * Debugger PIN: 140-782-711
2025-04-30 10:36:04,071 - INFO -  * Detected change in 'H:\\Mini-Project\\backend\\app.py', reloading
2025-04-30 10:36:04,249 - INFO -  * Restarting with stat
2025-04-30 10:36:05,471 - INFO - Scheduler started.
2025-04-30 10:36:05,503 - WARNING -  * Debugger is active!
2025-04-30 10:36:05,504 - INFO -  * Debugger PIN: 140-782-711
2025-04-30 10:36:07,529 - INFO -  * Detected change in 'H:\\Mini-Project\\backend\\app.py', reloading
2025-04-30 10:36:07,682 - INFO -  * Restarting with stat
2025-04-30 10:36:08,652 - INFO - Scheduler started.
2025-04-30 10:36:08,689 - WARNING -  * Debugger is active!
2025-04-30 10:36:08,691 - INFO -  * Debugger PIN: 140-782-711
2025-04-30 10:36:11,887 - INFO - Scheduler started.
2025-04-30 10:36:11,920 - INFO - [31m[1mWARNING: This is a development server. Do not use it in a production deployment. Use a production WSGI server instead.[0m
 * Running on http://127.0.0.1:5000
2025-04-30 10:36:11,920 - INFO - [33mPress CTRL+C to quit[0m
2025-04-30 10:36:11,921 - INFO -  * Restarting with stat
2025-04-30 10:36:12,689 - INFO - Scheduler started.
2025-04-30 10:36:12,706 - WARNING -  * Debugger is active!
2025-04-30 10:36:12,708 - INFO -  * Debugger PIN: 140-782-711
2025-04-30 10:37:11,921 - INFO - Scraping started.
2025-04-30 10:37:12,723 - INFO - Scraping started.
2025-04-30 10:37:26,387 - INFO - Found 30 job articles.
2025-04-30 10:37:26,884 - INFO - Found 30 job articles.
2025-04-30 10:37:34,471 - INFO - Scraping ended. Total jobs scraped: 30
2025-04-30 10:37:34,928 - INFO - Scraping ended. Total jobs scraped: 30
2025-04-30 10:37:42,184 - INFO - 127.0.0.1 - - [30/Apr/2025 10:37:42] "GET /jobs HTTP/1.1" 200 -
2025-04-30 10:37:51,148 - INFO - 127.0.0.1 - - [30/Apr/2025 10:37:51] "GET /jobs HTTP/1.1" 200 -
2025-04-30 10:37:51,156 - INFO - 127.0.0.1 - - [30/Apr/2025 10:37:51] "GET /jobs HTTP/1.1" 200 -
2025-04-30 10:37:51,168 - INFO - 127.0.0.1 - - [30/Apr/2025 10:37:51] "GET /jobs HTTP/1.1" 200 -
2025-04-30 10:37:54,629 - INFO - 127.0.0.1 - - [30/Apr/2025 10:37:54] "GET /jobs HTTP/1.1" 200 -
2025-04-30 10:37:54,634 - INFO - 127.0.0.1 - - [30/Apr/2025 10:37:54] "GET /jobs HTTP/1.1" 200 -
2025-04-30 10:37:54,647 - INFO - 127.0.0.1 - - [30/Apr/2025 10:37:54] "GET /jobs HTTP/1.1" 200 -
2025-04-30 10:38:13,415 - INFO - 127.0.0.1 - - [30/Apr/2025 10:38:13] "GET /jobs HTTP/1.1" 200 -
2025-04-30 10:38:20,430 - INFO - 127.0.0.1 - - [30/Apr/2025 10:38:20] "GET /jobs HTTP/1.1" 200 -
2025-04-30 10:38:20,436 - INFO - 127.0.0.1 - - [30/Apr/2025 10:38:20] "GET /jobs HTTP/1.1" 200 -
2025-04-30 10:38:34,507 - INFO - Scraping started.
2025-04-30 10:38:34,963 - INFO - Scraping started.
2025-04-30 10:38:50,110 - INFO - Found 30 job articles.
2025-04-30 10:38:58,177 - INFO - Scraping ended. Total jobs scraped: 30
2025-04-30 10:38:58,208 - INFO - Scraping ended. Total jobs scraped: 30
2025-04-30 11:03:06,423 - INFO - Scraping started.
2025-04-30 11:03:45,454 - INFO - Found 30 job articles.
2025-04-30 11:03:47,489 - INFO - Found 30 job articles.
2025-04-30 11:03:52,642 - INFO - Scraping ended. Total jobs scraped: 30
2025-04-30 11:03:54,560 - INFO - Scraping ended. Total jobs scraped: 30
2025-04-30 11:04:52,719 - INFO - Scraping started.
2025-04-30 11:04:54,598 - INFO - Scraping started.
2025-04-30 11:05:05,210 - INFO - Found 30 job articles.
2025-04-30 11:05:09,680 - INFO - Found 30 job articles.
2025-04-30 11:05:15,158 - INFO - Scraping ended. Total jobs scraped: 30
2025-04-30 11:05:19,606 - INFO - Scraping ended. Total jobs scraped: 30
2025-04-30 11:05:45,006 - INFO - 127.0.0.1 - - [30/Apr/2025 11:05:45] "[33mGET /main.c940e27403d2720adf6e.hot-update.json HTTP/1.1[0m" 404 -
2025-04-30 11:05:45,035 - INFO - 127.0.0.1 - - [30/Apr/2025 11:05:45] "[33mGET /main.c940e27403d2720adf6e.hot-update.json HTTP/1.1[0m" 404 -
2025-04-30 11:05:57,755 - INFO - 127.0.0.1 - - [30/Apr/2025 11:05:57] "GET /jobs HTTP/1.1" 200 -
2025-04-30 11:05:57,772 - INFO - 127.0.0.1 - - [30/Apr/2025 11:05:57] "GET /jobs HTTP/1.1" 200 -
2025-04-30 11:05:57,787 - INFO - 127.0.0.1 - - [30/Apr/2025 11:05:57] "GET /jobs HTTP/1.1" 200 -
2025-04-30 11:05:57,802 - INFO - 127.0.0.1 - - [30/Apr/2025 11:05:57] "GET /jobs HTTP/1.1" 200 -
2025-04-30 11:05:57,817 - INFO - 127.0.0.1 - - [30/Apr/2025 11:05:57] "GET /jobs HTTP/1.1" 200 -
2025-04-30 11:05:57,818 - INFO - 127.0.0.1 - - [30/Apr/2025 11:05:57] "GET /jobs HTTP/1.1" 200 -
2025-04-30 11:05:57,835 - INFO - 127.0.0.1 - - [30/Apr/2025 11:05:57] "GET /jobs HTTP/1.1" 200 -
2025-04-30 11:05:57,839 - INFO - 127.0.0.1 - - [30/Apr/2025 11:05:57] "GET /jobs HTTP/1.1" 200 -
2025-04-30 11:05:57,855 - INFO - 127.0.0.1 - - [30/Apr/2025 11:05:57] "GET /jobs HTTP/1.1" 200 -
2025-04-30 11:06:15,250 - INFO - Scraping started.
2025-04-30 11:06:19,637 - INFO - Scraping started.
2025-04-30 11:06:30,179 - INFO - Found 30 job articles.
2025-04-30 11:06:30,957 - INFO - Found 30 job articles.
2025-04-30 11:06:40,626 - INFO - Scraping ended. Total jobs scraped: 30
2025-04-30 11:06:40,678 - INFO - Scraping ended. Total jobs scraped: 30
2025-04-30 11:07:23,694 - INFO - 127.0.0.1 - - [30/Apr/2025 11:07:23] "GET /jobs HTTP/1.1" 200 -
2025-04-30 11:07:23,860 - INFO - 127.0.0.1 - - [30/Apr/2025 11:07:23] "GET /jobs HTTP/1.1" 200 -
2025-04-30 11:07:27,929 - INFO - 127.0.0.1 - - [30/Apr/2025 11:07:27] "GET /jobs HTTP/1.1" 200 -
2025-04-30 11:07:27,932 - INFO - 127.0.0.1 - - [30/Apr/2025 11:07:27] "GET /jobs HTTP/1.1" 200 -
2025-04-30 11:07:40,690 - INFO - Scraping started.
2025-04-30 11:07:40,717 - INFO - Scraping started.
2025-04-30 11:07:53,860 - INFO - Found 30 job articles.
2025-04-30 11:07:57,759 - INFO - Found 30 job articles.
2025-04-30 11:08:00,599 - INFO - Scraping ended. Total jobs scraped: 30
2025-04-30 11:08:04,244 - INFO - Scraping ended. Total jobs scraped: 30
2025-04-30 11:09:00,634 - INFO - Scraping started.
2025-04-30 11:09:04,274 - INFO - Scraping started.
2025-04-30 11:09:14,418 - INFO - Found 30 job articles.
2025-04-30 11:09:15,847 - INFO - Found 30 job articles.
2025-04-30 11:09:19,455 - INFO - Scraping ended. Total jobs scraped: 30
2025-04-30 11:09:21,946 - INFO - Scraping ended. Total jobs scraped: 30
2025-04-30 11:10:15,555 - INFO - 127.0.0.1 - - [30/Apr/2025 11:10:15] "GET /jobs HTTP/1.1" 200 -
2025-04-30 11:10:15,858 - INFO - 127.0.0.1 - - [30/Apr/2025 11:10:15] "GET /jobs HTTP/1.1" 200 -
2025-04-30 11:10:15,937 - INFO - 127.0.0.1 - - [30/Apr/2025 11:10:15] "GET /jobs HTTP/1.1" 200 -
2025-04-30 11:10:19,491 - INFO - Scraping started.
2025-04-30 11:10:21,976 - INFO - Scraping started.
2025-04-30 11:10:22,861 - INFO - 127.0.0.1 - - [30/Apr/2025 11:10:22] "GET /jobs HTTP/1.1" 200 -
2025-04-30 11:10:22,869 - INFO - 127.0.0.1 - - [30/Apr/2025 11:10:22] "GET /jobs HTTP/1.1" 200 -
2025-04-30 11:10:22,888 - INFO - 127.0.0.1 - - [30/Apr/2025 11:10:22] "GET /jobs HTTP/1.1" 200 -
2025-04-30 11:10:32,367 - INFO - Found 30 job articles.
2025-04-30 11:10:34,603 - INFO - Found 30 job articles.
2025-04-30 11:10:38,488 - INFO - Scraping ended. Total jobs scraped: 30
2025-04-30 11:10:40,876 - INFO - Scraping ended. Total jobs scraped: 30
2025-04-30 11:11:38,521 - INFO - Scraping started.
2025-04-30 11:11:40,909 - INFO - Scraping started.
2025-04-30 11:11:51,229 - INFO - Found 30 job articles.
2025-04-30 11:11:52,611 - INFO - Found 30 job articles.
2025-04-30 11:11:57,745 - INFO - Scraping ended. Total jobs scraped: 30
2025-04-30 11:11:58,926 - INFO - Scraping ended. Total jobs scraped: 30
2025-04-30 11:12:57,789 - INFO - Scraping started.
2025-04-30 11:12:58,966 - INFO - Scraping started.
2025-04-30 11:13:11,480 - INFO - Found 30 job articles.
2025-04-30 11:13:12,769 - INFO - Found 30 job articles.
2025-04-30 11:13:36,143 - INFO - Scraping ended. Total jobs scraped: 30
2025-04-30 11:13:50,897 - INFO - Scraping ended. Total jobs scraped: 30
2025-04-30 11:14:32,146 - INFO -  * Detected change in 'H:\\Mini-Project\\backend\\app.py', reloading
2025-04-30 11:14:40,930 - INFO -  * Restarting with stat
2025-04-30 11:14:42,270 - INFO - Scheduler started.
2025-04-30 11:14:42,306 - WARNING -  * Debugger is active!
2025-04-30 11:14:42,309 - INFO -  * Debugger PIN: 140-782-711
2025-04-30 11:14:50,932 - INFO - Scraping started.
2025-04-30 11:15:02,509 - INFO - Found 30 job articles.
2025-04-30 11:15:08,119 - INFO - Scraping ended. Total jobs scraped: 30
2025-04-30 11:15:42,306 - INFO - Scraping started.
2025-04-30 11:16:01,327 - INFO - Scraping ended. Total jobs scraped: 30
2025-04-30 11:16:08,176 - INFO - Scraping started.
2025-04-30 11:16:21,202 - INFO - Found 30 job articles.
2025-04-30 11:16:27,688 - INFO - Scraping ended. Total jobs scraped: 30
2025-04-30 11:17:01,365 - INFO - Scraping started.
2025-04-30 11:17:19,830 - INFO - Scraping ended. Total jobs scraped: 30
2025-04-30 11:17:27,721 - INFO - Scraping started.
2025-04-30 11:17:39,067 - INFO - Found 30 job articles.
2025-04-30 11:17:45,077 - INFO - Scraping ended. Total jobs scraped: 30
2025-04-30 11:18:19,868 - INFO - Scraping started.
2025-04-30 11:18:40,360 - INFO - Scraping ended. Total jobs scraped: 30
2025-04-30 11:18:45,114 - INFO - Scraping started.
2025-04-30 11:18:58,901 - INFO - Found 30 job articles.
2025-04-30 11:19:05,216 - INFO - Scraping ended. Total jobs scraped: 30
2025-04-30 11:19:40,405 - INFO - Scraping started.
2025-04-30 11:20:02,304 - INFO - Scraping ended. Total jobs scraped: 30
2025-04-30 11:20:05,257 - INFO - Scraping started.
2025-04-30 11:20:17,394 - INFO - Found 30 job articles.
2025-04-30 11:20:24,947 - INFO - Scraping ended. Total jobs scraped: 30
2025-04-30 11:21:02,356 - INFO - Scraping started.
2025-04-30 11:21:22,443 - INFO - Scraping ended. Total jobs scraped: 30
2025-04-30 11:21:24,984 - INFO - Scraping started.
2025-04-30 11:21:37,939 - INFO - Found 30 job articles.
2025-04-30 11:21:47,414 - INFO - Scraping ended. Total jobs scraped: 30
2025-04-30 11:22:22,481 - INFO - Scraping started.
2025-04-30 11:22:41,541 - INFO - Scraping ended. Total jobs scraped: 30
2025-04-30 11:22:47,451 - INFO - Scraping started.
2025-04-30 11:23:00,240 - INFO - Found 30 job articles.
2025-04-30 11:23:08,558 - INFO - Scraping ended. Total jobs scraped: 30
2025-04-30 11:23:26,581 - INFO - 127.0.0.1 - - [30/Apr/2025 11:23:26] "[33mGET /main.8c6e50e8a3275b707e32.hot-update.json HTTP/1.1[0m" 404 -
2025-04-30 11:23:27,011 - INFO - 127.0.0.1 - - [30/Apr/2025 11:23:27] "GET /jobs HTTP/1.1" 200 -
2025-04-30 11:23:27,018 - INFO - 127.0.0.1 - - [30/Apr/2025 11:23:27] "GET /jobs HTTP/1.1" 200 -
2025-04-30 11:23:27,332 - INFO - 127.0.0.1 - - [30/Apr/2025 11:23:27] "GET /jobs HTTP/1.1" 200 -
2025-04-30 11:23:27,348 - INFO - 127.0.0.1 - - [30/Apr/2025 11:23:27] "GET /jobs HTTP/1.1" 200 -
2025-04-30 11:23:41,585 - INFO - Scraping started.
2025-04-30 11:23:41,772 - INFO - 127.0.0.1 - - [30/Apr/2025 11:23:41] "[33mOPTIONS /jobs/undefined HTTP/1.1[0m" 404 -
2025-04-30 11:23:47,033 - INFO - 127.0.0.1 - - [30/Apr/2025 11:23:47] "[33mGET /main.8c6e50e8a3275b707e32.hot-update.json HTTP/1.1[0m" 404 -
2025-04-30 11:23:47,192 - INFO - 127.0.0.1 - - [30/Apr/2025 11:23:47] "[33mOPTIONS /jobs/undefined HTTP/1.1[0m" 404 -
2025-04-30 11:23:48,347 - INFO - 127.0.0.1 - - [30/Apr/2025 11:23:48] "GET /jobs HTTP/1.1" 200 -
2025-04-30 11:23:48,355 - INFO - 127.0.0.1 - - [30/Apr/2025 11:23:48] "GET /jobs HTTP/1.1" 200 -
2025-04-30 11:24:02,689 - INFO - Scraping ended. Total jobs scraped: 30
2025-04-30 11:24:08,601 - INFO - Scraping started.
2025-04-30 11:24:22,926 - INFO - Found 30 job articles.
2025-04-30 11:24:31,784 - INFO - Scraping ended. Total jobs scraped: 30
2025-04-30 11:24:44,658 - INFO - 127.0.0.1 - - [30/Apr/2025 11:24:44] "OPTIONS /jobs HTTP/1.1" 200 -
2025-04-30 11:24:44,695 - INFO - Job added: {'title': 'Actuarial ', 'company': 'MetLife Hanzla', 'location': 'Hybrid, \U0001f1f5\U0001f1f1 Poland PAKISTAN', 'country': 'Poland', 'id': 1, 'scraped_at': '2025-04-30 11:24:44'}
2025-04-30 11:24:44,702 - INFO - 127.0.0.1 - - [30/Apr/2025 11:24:44] "[35m[1mPOST /jobs HTTP/1.1[0m" 201 -
2025-04-30 11:25:02,727 - INFO - Scraping started.
2025-04-30 11:25:18,862 - INFO - 127.0.0.1 - - [30/Apr/2025 11:25:18] "[33mOPTIONS /jobs/undefined HTTP/1.1[0m" 404 -
2025-04-30 11:25:19,735 - INFO - 127.0.0.1 - - [30/Apr/2025 11:25:19] "[33mOPTIONS /jobs/undefined HTTP/1.1[0m" 404 -
2025-04-30 11:25:19,909 - INFO - 127.0.0.1 - - [30/Apr/2025 11:25:19] "[33mOPTIONS /jobs/undefined HTTP/1.1[0m" 404 -
2025-04-30 11:25:20,133 - INFO - 127.0.0.1 - - [30/Apr/2025 11:25:20] "[33mOPTIONS /jobs/undefined HTTP/1.1[0m" 404 -
2025-04-30 11:25:21,276 - INFO - 127.0.0.1 - - [30/Apr/2025 11:25:21] "[33mOPTIONS /jobs/undefined HTTP/1.1[0m" 404 -
2025-04-30 11:25:21,409 - INFO - Scraping ended. Total jobs scraped: 30
2025-04-30 11:25:21,504 - INFO - 127.0.0.1 - - [30/Apr/2025 11:25:21] "[33mOPTIONS /jobs/undefined HTTP/1.1[0m" 404 -
2025-04-30 11:25:31,829 - INFO - Scraping started.
2025-04-30 11:25:41,298 - INFO - 127.0.0.1 - - [30/Apr/2025 11:25:41] "GET /jobs HTTP/1.1" 200 -
2025-04-30 11:25:41,307 - INFO - 127.0.0.1 - - [30/Apr/2025 11:25:41] "GET /jobs HTTP/1.1" 200 -
2025-04-30 11:25:43,461 - INFO - Found 30 job articles.
2025-04-30 11:25:48,272 - INFO - 127.0.0.1 - - [30/Apr/2025 11:25:48] "OPTIONS /jobs/28 HTTP/1.1" 200 -
2025-04-30 11:25:48,292 - INFO - Job deleted: 28
2025-04-30 11:25:48,293 - INFO - 127.0.0.1 - - [30/Apr/2025 11:25:48] "DELETE /jobs/28 HTTP/1.1" 200 -
2025-04-30 11:25:51,104 - INFO - 127.0.0.1 - - [30/Apr/2025 11:25:51] "OPTIONS /jobs/29 HTTP/1.1" 200 -
2025-04-30 11:25:51,134 - INFO - Job deleted: 29
2025-04-30 11:25:51,136 - INFO - 127.0.0.1 - - [30/Apr/2025 11:25:51] "DELETE /jobs/29 HTTP/1.1" 200 -
2025-04-30 11:25:51,711 - INFO - Scraping ended. Total jobs scraped: 30
2025-04-30 11:26:21,454 - INFO - Scraping started.
2025-04-30 11:26:41,739 - INFO - Scraping ended. Total jobs scraped: 30
2025-04-30 11:26:51,753 - INFO - Scraping started.
2025-04-30 11:27:03,841 - INFO - Found 30 job articles.
2025-04-30 11:27:41,775 - INFO - Scraping started.
2025-04-30 11:27:48,734 - INFO - Scraping ended. Total jobs scraped: 30
2025-04-30 11:28:01,190 - INFO - Scraping ended. Total jobs scraped: 30
2025-04-30 11:28:48,772 - INFO - Scraping started.
2025-04-30 11:29:00,527 - INFO - Found 30 job articles.
2025-04-30 11:29:01,226 - INFO - Scraping started.
2025-04-30 11:29:08,475 - INFO - Scraping ended. Total jobs scraped: 30
2025-04-30 11:29:21,884 - INFO - Scraping ended. Total jobs scraped: 30
2025-04-30 11:30:08,526 - INFO - Scraping started.
2025-04-30 11:30:21,243 - INFO - Found 30 job articles.
2025-04-30 11:30:21,933 - INFO - Scraping started.
2025-04-30 11:30:29,127 - INFO - Scraping ended. Total jobs scraped: 30
2025-04-30 11:30:42,483 - INFO - Scraping ended. Total jobs scraped: 30
2025-04-30 11:31:29,164 - INFO - Scraping started.
2025-04-30 11:31:42,294 - INFO - Found 30 job articles.
2025-04-30 11:31:42,537 - INFO - Scraping started.
2025-04-30 11:31:47,048 - INFO - 127.0.0.1 - - [30/Apr/2025 11:31:47] "GET /jobs HTTP/1.1" 200 -
2025-04-30 11:31:47,920 - INFO - 127.0.0.1 - - [30/Apr/2025 11:31:47] "GET /jobs HTTP/1.1" 200 -
2025-04-30 11:31:48,492 - INFO - 127.0.0.1 - - [30/Apr/2025 11:31:48] "GET /jobs HTTP/1.1" 200 -
2025-04-30 11:31:56,068 - INFO - Scraping ended. Total jobs scraped: 30
2025-04-30 11:32:03,923 - INFO - Scraping ended. Total jobs scraped: 30
2025-04-30 11:32:56,123 - INFO - Scraping started.
2025-04-30 11:33:03,962 - INFO - Scraping started.
2025-04-30 11:33:08,844 - INFO - Found 30 job articles.
2025-04-30 11:33:16,359 - INFO - Scraping ended. Total jobs scraped: 30
2025-04-30 11:33:25,934 - INFO - Scraping ended. Total jobs scraped: 30
2025-04-30 11:34:16,404 - INFO - Scraping started.
2025-04-30 11:34:19,697 - INFO - 127.0.0.1 - - [30/Apr/2025 11:34:19] "OPTIONS /jobs HTTP/1.1" 200 -
2025-04-30 11:34:19,732 - INFO - Job added: {'title': 'MERN STACK', 'company': 'CUBIC', 'location': 'PAKISTAN', 'country': 'LAHORE', 'id': 31, 'scraped_at': '2025-04-30 11:34:19'}
2025-04-30 11:34:19,734 - INFO - 127.0.0.1 - - [30/Apr/2025 11:34:19] "[35m[1mPOST /jobs HTTP/1.1[0m" 201 -
2025-04-30 11:34:25,972 - INFO - Scraping started.
2025-04-30 11:34:28,434 - INFO - Found 30 job articles.
2025-04-30 11:34:37,710 - INFO - Scraping ended. Total jobs scraped: 30
2025-04-30 11:34:49,445 - INFO - Scraping ended. Total jobs scraped: 30
2025-04-30 11:35:37,749 - INFO - Scraping started.
2025-04-30 11:35:49,147 - INFO - Found 30 job articles.
2025-04-30 11:35:49,485 - INFO - Scraping started.
2025-04-30 11:35:57,789 - INFO - Scraping ended. Total jobs scraped: 30
2025-04-30 11:36:11,222 - INFO - Scraping ended. Total jobs scraped: 30
2025-04-30 11:36:57,832 - INFO - Scraping started.
2025-04-30 11:37:10,023 - INFO - Found 30 job articles.
2025-04-30 11:37:11,263 - INFO - Scraping started.
2025-04-30 11:37:17,981 - INFO - Scraping ended. Total jobs scraped: 30
2025-04-30 11:37:33,684 - INFO - Scraping ended. Total jobs scraped: 30
2025-04-30 11:38:18,013 - INFO - Scraping started.
2025-04-30 11:38:28,524 - INFO -  * Detected change in 'H:\\Mini-Project\\backend\\routes.py', reloading
2025-04-30 11:38:31,678 - INFO - Found 30 job articles.
2025-04-30 11:38:37,680 - INFO - Scraping ended. Total jobs scraped: 30
2025-04-30 11:38:53,660 - INFO -  * Restarting with stat
2025-04-30 11:38:54,944 - INFO - Scheduler started.
2025-04-30 11:38:55,002 - WARNING -  * Debugger is active!
2025-04-30 11:38:55,006 - INFO -  * Debugger PIN: 140-782-711
2025-04-30 11:38:59,046 - INFO -  * Detected change in 'H:\\Mini-Project\\backend\\app.py', reloading
2025-04-30 11:38:59,227 - INFO -  * Restarting with stat
2025-04-30 11:39:00,460 - INFO - Scheduler started.
2025-04-30 11:39:00,495 - WARNING -  * Debugger is active!
2025-04-30 11:39:00,500 - INFO -  * Debugger PIN: 140-782-711
2025-04-30 11:39:37,715 - INFO - Scraping started.
2025-04-30 11:39:50,262 - INFO - Found 30 job articles.
2025-04-30 11:39:59,068 - INFO - Scraping ended. Total jobs scraped: 30
2025-04-30 11:40:59,134 - INFO - Scraping started.
2025-04-30 11:41:01,516 - INFO - 127.0.0.1 - - [30/Apr/2025 11:41:01] "GET /jobs HTTP/1.1" 200 -
2025-04-30 11:41:02,444 - INFO - 127.0.0.1 - - [30/Apr/2025 11:41:02] "GET /jobs HTTP/1.1" 200 -
2025-04-30 11:41:10,894 - INFO - Found 30 job articles.
2025-04-30 11:41:16,587 - INFO - Scraping ended. Total jobs scraped: 30
2025-04-30 11:42:00,598 - INFO - Scraping started.
2025-04-30 11:42:16,630 - INFO - Scraping started.
2025-04-30 11:42:22,511 - INFO - Scraping ended. Total jobs scraped: 30
2025-04-30 11:43:10,432 - INFO - Found 30 job articles.
2025-04-30 11:43:18,748 - INFO - Scraping ended. Total jobs scraped: 30
2025-04-30 11:43:38,276 - INFO -  * Detected change in 'H:\\Mini-Project\\backend\\app.py', reloading
2025-04-30 11:43:42,596 - INFO -  * Restarting with stat
